-- phpMyAdmin SQL Dump
-- version 4.9.5
-- https://www.phpmyadmin.net/
--
-- Host: localhost:3306
-- Generation Time: Jan 16, 2021 at 12:40 AM
-- Server version: 5.7.32
-- PHP Version: 7.3.6

SET SQL_MODE = "NO_AUTO_VALUE_ON_ZERO";
SET AUTOCOMMIT = 0;
START TRANSACTION;
SET time_zone = "+00:00";


/*!40101 SET @OLD_CHARACTER_SET_CLIENT=@@CHARACTER_SET_CLIENT */;
/*!40101 SET @OLD_CHARACTER_SET_RESULTS=@@CHARACTER_SET_RESULTS */;
/*!40101 SET @OLD_COLLATION_CONNECTION=@@COLLATION_CONNECTION */;
/*!40101 SET NAMES utf8mb4 */;

--
-- Database: `ogtvcpan_ocean`
--

-- --------------------------------------------------------

--
-- Table structure for table `access_log_master`
--

CREATE TABLE `access_log_master` (
  `LOG_ID` int(11) NOT NULL,
  `LOGINID` int(11) DEFAULT NULL,
  `IN_DATE` datetime DEFAULT NULL,
  `OUT_DATE` datetime DEFAULT NULL,
  `USER_TYPE` varchar(100) DEFAULT NULL
) ENGINE=InnoDB DEFAULT CHARSET=latin1;

--
-- Dumping data for table `access_log_master`
--

INSERT INTO `access_log_master` (`LOG_ID`, `LOGINID`, `IN_DATE`, `OUT_DATE`, `USER_TYPE`) VALUES
(1, 49, '2019-04-23 06:17:02', '2019-04-23 06:19:39', 'internal_user'),
(2, 64, '2019-04-24 07:29:41', '2019-04-24 07:29:55', 'internal_user'),
(3, 64, '2019-04-24 07:35:21', NULL, 'internal_user'),
(4, 65, '2019-04-24 08:31:51', NULL, 'internal_user'),
(5, 64, '2019-04-24 08:47:20', NULL, 'internal_user'),
(6, 65, '2019-04-24 09:45:44', '2019-04-24 09:47:03', 'internal_user'),
(7, 65, '2019-04-24 10:45:07', '2019-04-24 10:46:30', 'internal_user'),
(8, 66, '2019-04-24 11:03:39', '2019-04-24 11:06:51', 'internal_user'),
(9, 64, '2019-04-24 11:51:14', '2019-04-24 13:15:13', 'internal_user'),
(10, 65, '2019-04-24 12:03:51', '2019-04-24 12:06:36', 'internal_user'),
(11, 64, '2019-04-25 03:28:18', '2019-04-25 03:40:34', 'internal_user'),
(12, 64, '2019-04-25 06:30:41', '2019-04-25 07:14:33', 'internal_user'),
(13, 69, '2019-04-25 07:48:25', NULL, 'internal_user'),
(14, 64, '2019-04-25 08:05:15', '2019-04-25 08:07:16', 'internal_user'),
(15, 64, '2019-04-25 11:39:42', '2019-04-25 11:44:11', 'internal_user'),
(16, 64, '2019-04-25 11:58:33', '2019-04-25 12:07:54', 'internal_user'),
(17, 64, '2019-04-25 12:49:00', '2019-04-25 13:04:08', 'internal_user'),
(18, 64, '2019-04-25 14:41:20', '2019-04-25 14:49:43', 'internal_user'),
(19, 64, '2019-04-25 23:36:49', '2019-04-25 23:40:04', 'internal_user'),
(20, 64, '2019-04-26 04:19:10', NULL, 'internal_user'),
(21, 66, '2019-04-26 09:39:43', '2019-04-26 09:44:10', 'internal_user'),
(22, 64, '2019-04-26 09:48:45', '2019-04-26 11:20:16', 'internal_user'),
(23, 64, '2019-04-26 11:23:36', '2019-04-26 11:26:40', 'internal_user'),
(24, 66, '2019-04-27 07:36:17', '2019-04-27 07:44:50', 'internal_user'),
(25, 66, '2019-04-27 07:55:57', '2019-04-27 08:13:24', 'internal_user'),
(26, 66, '2019-04-27 08:17:10', '2019-04-27 08:18:23', 'internal_user'),
(27, 66, '2019-04-27 08:20:21', '2019-04-27 08:33:46', 'internal_user'),
(28, 64, '2019-04-27 10:17:01', '2019-04-27 10:18:49', 'internal_user'),
(29, 64, '2019-04-28 05:06:20', '2019-04-28 05:08:40', 'internal_user'),
(30, 66, '2019-04-28 05:40:33', NULL, 'internal_user'),
(31, 66, '2019-04-28 06:18:18', NULL, 'internal_user'),
(32, 64, '2019-04-29 04:51:30', '2019-04-29 05:00:03', 'internal_user'),
(33, 64, '2019-04-29 05:01:50', NULL, 'internal_user'),
(34, 64, '2019-04-29 06:57:10', NULL, 'internal_user'),
(35, 64, '2019-04-29 09:12:33', NULL, 'internal_user'),
(36, 64, '2019-04-29 10:52:29', NULL, 'internal_user'),
(37, 64, '2019-04-29 13:03:35', '2019-04-29 13:52:05', 'internal_user'),
(38, 64, '2019-04-30 02:33:39', '2019-04-30 02:34:51', 'internal_user'),
(39, 64, '2019-04-30 04:31:29', '2019-04-30 05:18:02', 'internal_user'),
(40, 65, '2019-04-30 04:31:59', '2019-04-30 04:40:30', 'internal_user'),
(41, 64, '2019-04-30 05:24:27', NULL, 'internal_user'),
(42, 68, '2019-04-30 08:23:09', NULL, 'internal_user'),
(43, 64, '2019-04-30 10:07:32', '2019-04-30 11:18:31', 'internal_user'),
(44, 64, '2019-05-01 06:23:01', NULL, 'internal_user'),
(45, 64, '2019-05-01 08:24:45', NULL, 'internal_user'),
(46, 64, '2019-05-01 10:49:04', '2019-05-01 10:49:23', 'internal_user'),
(47, 64, '2019-05-01 10:49:37', NULL, 'internal_user'),
(48, 65, '2019-05-01 11:12:53', '2019-05-01 11:15:45', 'internal_user'),
(49, 65, '2019-05-01 11:16:05', '2019-05-01 11:28:56', 'internal_user'),
(50, 64, '2019-05-01 11:39:38', '2019-05-01 11:40:02', 'internal_user'),
(51, 64, '2019-05-01 11:40:44', '2019-05-01 11:41:15', 'internal_user'),
(52, 65, '2019-05-01 11:43:32', NULL, 'internal_user'),
(53, 64, '2019-05-02 03:36:40', '2019-05-02 03:39:14', 'internal_user'),
(54, 64, '2019-05-02 05:16:46', NULL, 'internal_user'),
(55, 64, '2019-05-02 07:02:02', NULL, 'internal_user'),
(56, 64, '2019-05-03 05:24:24', '2019-05-03 05:26:33', 'internal_user'),
(57, 64, '2019-05-06 02:12:03', NULL, 'internal_user'),
(58, 64, '2019-05-06 04:14:15', '2019-05-06 04:15:30', 'internal_user'),
(59, 64, '2019-05-06 04:21:57', '2019-05-06 04:33:19', 'internal_user'),
(60, 64, '2019-05-06 05:08:16', '2019-05-06 05:14:07', 'internal_user'),
(61, 66, '2019-05-06 05:15:26', '2019-05-06 11:01:06', 'internal_user'),
(62, 64, '2019-05-06 12:10:22', '2019-05-06 12:12:57', 'internal_user'),
(63, 66, '2019-05-06 13:09:46', '2019-05-06 13:11:38', 'internal_user'),
(64, 64, '2019-05-06 14:35:22', '2019-05-06 15:37:08', 'internal_user'),
(65, 64, '2019-05-06 15:38:45', '2019-05-06 15:51:04', 'internal_user'),
(66, 66, '2019-05-07 12:18:58', '2019-05-07 12:20:07', 'internal_user'),
(67, 64, '2019-05-09 13:16:19', '2019-05-09 13:26:29', 'internal_user'),
(68, 64, '2019-05-09 14:35:01', '2019-05-09 14:35:21', 'internal_user'),
(69, 64, '2019-05-10 01:47:51', '2019-05-10 01:48:37', 'internal_user'),
(70, 64, '2019-05-10 01:52:15', '2019-05-10 01:53:42', 'internal_user'),
(71, 64, '2019-05-10 02:49:00', '2019-05-10 03:01:18', 'internal_user'),
(72, 66, '2019-05-10 03:04:54', NULL, 'internal_user'),
(73, 66, '2019-05-10 03:20:13', '2019-05-10 03:45:24', 'internal_user'),
(74, 2, '2019-05-10 06:25:45', '2019-05-10 06:25:53', 'admin'),
(75, 66, '2019-05-10 06:26:01', '2019-05-10 06:32:19', 'internal_user'),
(76, 2, '2019-05-10 06:32:34', '2019-05-10 06:33:00', 'admin'),
(77, 66, '2019-05-10 06:33:04', NULL, 'internal_user'),
(78, 66, '2019-05-10 06:33:04', '2019-05-10 07:17:38', 'internal_user'),
(79, 64, '2019-05-10 07:20:50', '2019-05-10 07:21:16', 'internal_user'),
(80, 64, '2019-05-10 07:22:15', '2019-05-10 07:26:24', 'internal_user'),
(81, 66, '2019-05-10 07:23:17', '2019-05-10 07:24:07', 'internal_user'),
(82, 68, '2019-05-10 07:36:15', NULL, 'internal_user'),
(83, 66, '2019-05-10 07:42:57', NULL, 'internal_user'),
(84, 64, '2019-05-10 07:57:56', '2019-05-10 08:53:47', 'internal_user'),
(85, 68, '2019-05-10 08:21:54', NULL, 'internal_user'),
(86, 67, '2019-05-10 08:23:55', NULL, 'internal_user'),
(87, 66, '2019-05-10 08:47:02', '2019-05-10 09:15:35', 'internal_user'),
(88, 64, '2019-05-10 09:17:52', '2019-05-10 09:19:27', 'internal_user'),
(89, 66, '2019-05-10 09:19:26', '2019-05-10 09:20:07', 'internal_user'),
(90, 64, '2019-05-10 09:19:29', NULL, 'internal_user'),
(91, 66, '2019-05-10 09:20:33', '2019-05-10 09:21:08', 'internal_user'),
(92, 66, '2019-05-10 09:21:53', '2019-05-10 09:22:31', 'internal_user'),
(93, 64, '2019-05-10 09:23:50', '2019-05-10 09:47:39', 'internal_user'),
(94, 66, '2019-05-10 09:25:47', '2019-05-10 09:28:03', 'internal_user'),
(95, 66, '2019-05-10 09:44:01', '2019-05-10 09:44:05', 'internal_user'),
(96, 66, '2019-05-10 09:47:29', '2019-05-10 09:50:53', 'internal_user'),
(97, 68, '2019-05-10 10:03:46', NULL, 'internal_user'),
(98, 64, '2019-05-10 10:08:04', '2019-05-10 10:08:17', 'internal_user'),
(99, 66, '2019-05-10 10:08:10', '2019-05-10 10:20:01', 'internal_user'),
(100, 64, '2019-05-10 10:08:53', NULL, 'internal_user'),
(101, 66, '2019-05-10 10:20:04', '2019-05-10 10:21:44', 'internal_user'),
(102, 66, '2019-05-10 10:23:57', '2019-05-10 10:29:51', 'internal_user'),
(103, 66, '2019-05-10 11:02:24', '2019-05-10 11:11:41', 'internal_user'),
(104, 66, '2019-05-10 11:20:06', '2019-05-10 11:20:09', 'internal_user'),
(105, 64, '2019-05-10 12:26:05', '2019-05-10 12:27:09', 'internal_user'),
(106, 64, '2019-05-11 00:26:42', '2019-05-11 00:34:18', 'internal_user'),
(107, 64, '2019-05-11 00:37:09', '2019-05-11 00:37:30', 'internal_user'),
(108, 64, '2019-05-11 05:54:06', NULL, 'internal_user'),
(109, 64, '2019-05-11 06:55:10', '2019-05-11 07:01:15', 'internal_user'),
(110, 2, '2019-05-11 07:01:32', '2019-05-11 07:03:47', 'admin'),
(111, 64, '2019-05-11 07:03:51', '2019-05-11 07:16:27', 'internal_user'),
(112, 64, '2019-05-11 10:17:29', '2019-05-11 10:32:08', 'internal_user'),
(113, 64, '2019-05-11 10:32:10', '2019-05-11 11:06:12', 'internal_user'),
(114, 66, '2019-05-11 11:27:04', '2019-05-11 11:27:52', 'internal_user'),
(115, 64, '2019-05-11 11:30:50', NULL, 'internal_user'),
(116, 64, '2019-05-11 11:34:49', '2019-05-11 11:39:45', 'internal_user'),
(117, 64, '2019-05-11 11:39:54', '2019-05-11 12:05:50', 'internal_user'),
(118, 2, '2019-05-11 12:05:54', '2019-05-11 12:06:26', 'admin'),
(119, 64, '2019-05-11 12:06:31', '2019-05-11 12:34:37', 'internal_user'),
(120, 66, '2019-05-11 12:36:10', '2019-05-11 12:36:38', 'internal_user'),
(121, 64, '2019-05-13 03:40:24', NULL, 'internal_user'),
(122, 66, '2019-05-13 04:12:48', NULL, 'internal_user'),
(123, 66, '2019-05-13 04:13:16', '2019-05-13 04:13:18', 'internal_user'),
(124, 64, '2019-05-13 04:35:51', '2019-05-13 04:36:55', 'internal_user'),
(125, 66, '2019-05-13 04:49:41', '2019-05-13 04:54:12', 'internal_user'),
(126, 66, '2019-05-13 05:14:52', '2019-05-13 05:23:23', 'internal_user'),
(127, 66, '2019-05-13 06:24:21', NULL, 'internal_user'),
(128, 64, '2019-05-13 06:38:09', '2019-05-13 06:41:40', 'internal_user'),
(129, 64, '2019-05-13 06:42:29', '2019-05-13 06:57:38', 'internal_user'),
(130, 64, '2019-05-13 06:57:41', '2019-05-13 06:58:49', 'internal_user'),
(131, 64, '2019-05-13 07:06:47', '2019-05-13 07:22:59', 'internal_user'),
(132, 66, '2019-05-13 07:17:26', '2019-05-13 07:21:58', 'internal_user'),
(133, 66, '2019-05-13 07:22:03', '2019-05-13 07:38:02', 'internal_user'),
(134, 66, '2019-05-13 07:38:22', '2019-05-13 07:56:51', 'internal_user'),
(135, 66, '2019-05-13 07:56:53', '2019-05-13 08:01:22', 'internal_user'),
(136, 66, '2019-05-13 08:01:47', '2019-05-13 08:14:44', 'internal_user'),
(137, 66, '2019-05-13 08:35:14', '2019-05-13 08:35:37', 'internal_user'),
(138, 64, '2019-05-13 09:15:29', '2019-05-13 10:08:45', 'internal_user'),
(139, 66, '2019-05-13 09:25:40', '2019-05-13 09:26:15', 'internal_user'),
(140, 66, '2019-05-13 09:58:40', '2019-05-13 09:58:53', 'internal_user'),
(141, 2, '2019-05-13 10:01:24', NULL, 'admin'),
(142, 66, '2019-05-13 10:04:03', NULL, 'internal_user'),
(143, 66, '2019-05-13 10:04:56', '2019-05-13 10:06:46', 'internal_user'),
(144, 64, '2019-05-13 10:08:48', '2019-05-13 11:12:04', 'internal_user'),
(145, 66, '2019-05-13 10:27:16', '2019-05-13 10:27:23', 'internal_user'),
(146, 66, '2019-05-13 10:37:11', '2019-05-13 10:37:49', 'internal_user'),
(147, 66, '2019-05-13 10:44:57', '2019-05-13 10:45:59', 'internal_user'),
(148, 64, '2019-05-13 10:50:18', '2019-05-13 11:51:24', 'internal_user'),
(149, 66, '2019-05-13 11:29:30', '2019-05-13 11:34:27', 'internal_user'),
(150, 64, '2019-05-13 12:43:57', '2019-05-13 12:44:08', 'internal_user'),
(151, 64, '2019-05-13 12:57:21', '2019-05-13 13:42:08', 'internal_user'),
(152, 66, '2019-05-13 13:29:14', '2019-05-13 13:34:45', 'internal_user'),
(153, 66, '2019-05-13 13:45:16', NULL, 'internal_user'),
(154, 66, '2019-05-13 13:45:41', '2019-05-13 13:45:46', 'internal_user'),
(155, 64, '2019-05-13 14:09:08', NULL, 'internal_user'),
(156, 64, '2019-05-14 00:47:12', '2019-05-14 01:35:02', 'internal_user'),
(157, 64, '2019-05-14 01:38:15', '2019-05-14 02:05:18', 'internal_user'),
(158, 64, '2019-05-14 02:05:19', '2019-05-14 03:43:58', 'internal_user'),
(159, 64, '2019-05-14 03:46:14', '2019-05-14 04:53:27', 'internal_user'),
(160, 66, '2019-05-14 04:04:33', '2019-05-14 05:44:28', 'internal_user'),
(161, 64, '2019-05-14 04:57:07', '2019-05-14 04:57:17', 'internal_user'),
(162, 64, '2019-05-14 05:33:37', '2019-05-14 06:33:59', 'internal_user'),
(163, 66, '2019-05-14 05:45:07', NULL, 'internal_user'),
(164, 66, '2019-05-14 06:06:26', '2019-05-14 06:17:54', 'internal_user'),
(165, 66, '2019-05-14 06:27:33', '2019-05-14 06:47:01', 'internal_user'),
(166, 64, '2019-05-14 06:41:21', '2019-05-14 07:30:25', 'internal_user'),
(167, 66, '2019-05-14 07:15:27', '2019-05-14 07:15:33', 'internal_user'),
(168, 66, '2019-05-14 07:16:34', '2019-05-14 07:18:03', 'internal_user'),
(169, 66, '2019-05-14 07:32:20', '2019-05-14 07:57:50', 'internal_user'),
(170, 66, '2019-05-14 08:25:29', '2019-05-14 08:27:16', 'internal_user'),
(171, 66, '2019-05-14 08:58:30', '2019-05-14 09:04:06', 'internal_user'),
(172, 64, '2019-05-14 09:02:07', NULL, 'internal_user'),
(173, 66, '2019-05-14 09:04:08', '2019-05-14 09:05:22', 'internal_user'),
(174, 66, '2019-05-14 09:12:38', '2019-05-14 09:13:35', 'internal_user'),
(175, 64, '2019-05-14 09:55:29', '2019-05-14 11:02:49', 'internal_user'),
(176, 66, '2019-05-14 10:19:27', '2019-05-14 11:28:13', 'internal_user'),
(177, 1, '2019-05-14 10:42:01', '2019-05-14 10:42:30', ''),
(178, 1, '2019-05-14 10:43:15', '2019-05-14 10:52:57', ''),
(179, 2, '2019-05-14 11:02:54', '2019-05-14 11:08:45', 'admin'),
(180, 64, '2019-05-14 11:08:49', '2019-05-14 11:17:39', 'internal_user'),
(181, 1, '2019-05-14 11:15:11', '2019-05-14 11:16:03', ''),
(182, 1, '2019-05-14 11:16:51', '2019-05-14 11:28:01', ''),
(183, 1, '2019-05-14 11:28:38', '2019-05-14 11:29:01', ''),
(184, 66, '2019-05-14 11:29:33', '2019-05-14 12:13:45', 'internal_user'),
(185, 64, '2019-05-14 11:41:23', '2019-05-14 11:51:35', 'internal_user'),
(186, 1, '2019-05-14 11:49:34', '2019-05-14 11:51:29', ''),
(187, 66, '2019-05-14 12:48:30', '2019-05-14 12:52:54', 'internal_user'),
(188, 2, '2019-05-14 12:53:58', '2019-05-14 12:55:40', 'admin'),
(189, 66, '2019-05-14 12:55:57', NULL, 'internal_user'),
(190, 66, '2019-05-14 13:00:11', NULL, 'internal_user'),
(191, 66, '2019-05-14 13:00:13', '2019-05-14 13:04:17', 'internal_user'),
(192, 64, '2019-05-14 13:01:33', '2019-05-14 13:05:42', 'internal_user'),
(193, 2, '2019-05-14 13:05:45', '2019-05-14 13:07:31', 'admin'),
(194, 66, '2019-05-14 13:07:46', '2019-05-14 14:34:14', 'internal_user'),
(195, 1, '2019-05-14 13:57:14', NULL, ''),
(196, 66, '2019-05-14 14:58:13', '2019-05-14 14:59:10', 'internal_user'),
(197, 66, '2019-05-15 03:23:21', NULL, 'internal_user'),
(198, 66, '2019-05-15 04:09:34', '2019-05-15 04:32:11', 'internal_user'),
(199, 66, '2019-05-15 04:18:14', '2019-05-15 06:17:35', 'internal_user'),
(200, 1, '2019-05-15 04:24:10', '2019-05-15 04:27:28', ''),
(201, 2, '2019-05-15 04:32:17', '2019-05-15 04:40:41', 'admin'),
(202, 66, '2019-05-15 04:40:46', '2019-05-15 04:41:12', 'internal_user'),
(203, 1, '2019-05-15 04:41:44', '2019-05-15 04:42:21', ''),
(204, 66, '2019-05-15 04:42:27', '2019-05-15 05:13:10', 'internal_user'),
(205, 66, '2019-05-15 05:13:28', '2019-05-15 06:23:53', 'internal_user'),
(206, 2, '2019-05-15 06:23:58', '2019-05-15 06:24:50', 'admin'),
(207, 66, '2019-05-15 06:24:54', '2019-05-15 07:41:54', 'internal_user'),
(208, 2, '2019-05-15 06:27:49', NULL, 'admin'),
(209, 66, '2019-05-15 07:12:03', NULL, 'internal_user'),
(210, 2, '2019-05-15 07:41:58', '2019-05-15 07:42:37', 'admin'),
(211, 66, '2019-05-15 07:42:40', NULL, 'internal_user'),
(212, 66, '2019-05-15 07:54:24', NULL, 'internal_user'),
(213, 66, '2019-05-15 07:54:24', NULL, 'internal_user'),
(214, 66, '2019-05-15 07:54:24', NULL, 'internal_user'),
(215, 66, '2019-05-15 07:54:27', '2019-05-15 08:24:56', 'internal_user'),
(216, 2, '2019-05-15 08:25:00', '2019-05-15 08:26:06', 'admin'),
(217, 66, '2019-05-15 08:26:10', NULL, 'internal_user'),
(218, 1, '2019-05-15 08:29:24', NULL, ''),
(219, 1, '2019-05-15 08:40:31', '2019-05-15 08:40:45', ''),
(220, 66, '2019-05-15 09:19:23', NULL, 'internal_user'),
(221, 66, '2019-05-15 10:05:56', NULL, 'internal_user'),
(222, 66, '2019-05-15 11:03:03', '2019-05-15 11:03:12', 'internal_user'),
(223, 66, '2019-05-15 11:03:50', NULL, 'internal_user'),
(224, 66, '2019-05-15 11:13:08', '2019-05-15 11:21:15', 'internal_user'),
(225, 66, '2019-05-15 11:44:44', '2019-05-15 11:45:57', 'internal_user'),
(226, 2, '2019-05-15 11:46:14', '2019-05-15 11:46:27', ''),
(227, 66, '2019-05-15 11:46:29', '2019-05-15 11:46:54', 'internal_user'),
(228, 66, '2019-05-15 12:22:51', '2019-05-15 12:38:49', 'internal_user'),
(229, 66, '2019-05-15 12:57:39', '2019-05-15 13:10:05', 'internal_user'),
(230, 66, '2019-05-15 13:32:44', '2019-05-15 13:34:25', 'internal_user'),
(231, 66, '2019-05-16 00:58:19', '2019-05-16 00:59:48', 'internal_user'),
(232, 66, '2019-05-16 02:02:38', NULL, 'internal_user'),
(233, 66, '2019-05-16 03:20:53', '2019-05-16 04:12:52', 'internal_user'),
(234, 3, '2019-05-16 03:40:52', NULL, ''),
(235, 66, '2019-05-16 04:12:53', '2019-05-16 04:19:22', 'internal_user'),
(236, 66, '2019-05-16 04:18:42', '2019-05-16 04:29:59', 'internal_user'),
(237, 66, '2019-05-16 04:19:24', '2019-05-16 04:54:08', 'internal_user'),
(238, 2, '2019-05-16 04:30:03', '2019-05-16 04:30:18', 'admin'),
(239, 66, '2019-05-16 04:30:21', '2019-05-16 04:34:18', 'internal_user'),
(240, 66, '2019-05-16 04:34:36', '2019-05-16 05:27:00', 'internal_user'),
(241, 1, '2019-05-16 04:42:01', '2019-05-16 04:42:20', ''),
(242, 3, '2019-05-16 04:42:51', '2019-05-16 04:46:52', ''),
(243, 3, '2019-05-16 04:51:14', '2019-05-16 04:51:37', ''),
(244, 2, '2019-05-16 05:27:03', '2019-05-16 05:28:41', 'admin'),
(245, 66, '2019-05-16 05:28:51', '2019-05-16 05:42:00', 'internal_user'),
(246, 3, '2019-05-16 05:42:20', '2019-05-16 05:46:38', ''),
(247, 66, '2019-05-16 05:46:41', '2019-05-16 05:47:11', 'internal_user'),
(248, 66, '2019-05-16 05:49:05', NULL, 'internal_user'),
(249, 66, '2019-05-16 05:50:35', '2019-05-16 06:07:44', 'internal_user'),
(250, 64, '2019-05-16 05:53:59', '2019-05-16 06:21:54', 'internal_user'),
(251, 3, '2019-05-16 06:07:51', '2019-05-16 06:24:25', ''),
(252, 66, '2019-05-16 06:08:22', '2019-05-16 06:49:52', 'internal_user'),
(253, 66, '2019-05-16 06:24:27', '2019-05-16 06:35:03', 'internal_user'),
(254, 66, '2019-05-16 06:35:06', NULL, 'internal_user'),
(255, 3, '2019-05-16 06:37:11', '2019-05-16 06:37:17', ''),
(256, 66, '2019-05-16 06:38:14', '2019-05-16 06:45:16', 'internal_user'),
(257, 66, '2019-05-16 06:46:59', '2019-05-16 06:47:50', 'internal_user'),
(258, 3, '2019-05-16 06:47:56', '2019-05-16 06:53:10', ''),
(259, 66, '2019-05-16 06:53:13', NULL, 'internal_user'),
(260, 66, '2019-05-16 06:54:11', '2019-05-16 07:05:36', 'internal_user'),
(261, 66, '2019-05-16 08:17:36', '2019-05-16 08:27:56', 'internal_user'),
(262, 66, '2019-05-16 08:47:32', '2019-05-16 10:06:37', 'internal_user'),
(263, 66, '2019-05-16 09:59:55', NULL, 'internal_user'),
(264, 4, '2019-05-16 10:15:47', '2019-05-16 10:58:14', ''),
(265, 66, '2019-05-16 10:25:28', '2019-05-16 10:25:48', 'internal_user'),
(266, 66, '2019-05-16 14:15:31', '2019-05-16 14:17:11', 'internal_user'),
(267, 64, '2019-05-16 19:16:29', '2019-05-16 19:21:44', 'internal_user'),
(268, 66, '2019-05-17 03:20:02', '2019-05-17 03:27:56', 'internal_user'),
(269, 66, '2019-05-17 04:34:55', '2019-05-17 04:38:58', 'internal_user'),
(270, 4, '2019-05-17 04:40:52', '2019-05-17 04:44:06', ''),
(271, 66, '2019-05-17 04:44:08', '2019-05-17 04:47:01', 'internal_user'),
(272, 66, '2019-05-17 05:24:19', '2019-05-17 05:25:24', 'internal_user'),
(273, 4, '2019-05-17 05:25:29', '2019-05-17 05:27:11', ''),
(274, 66, '2019-05-17 06:59:55', '2019-05-17 07:00:16', 'internal_user'),
(275, 66, '2019-05-17 09:41:04', NULL, 'internal_user'),
(276, 66, '2019-05-17 09:53:49', '2019-05-17 11:19:34', 'internal_user'),
(277, 66, '2019-05-17 11:25:55', '2019-05-17 12:25:05', 'internal_user'),
(278, 66, '2019-05-17 11:29:48', '2019-05-17 11:30:17', 'internal_user'),
(279, 66, '2019-05-17 11:43:35', NULL, 'internal_user'),
(280, 66, '2019-05-17 12:20:37', '2019-05-17 12:21:12', 'internal_user'),
(281, 66, '2019-05-17 12:39:27', '2019-05-17 12:59:16', 'internal_user'),
(282, 66, '2019-05-17 13:36:31', NULL, 'internal_user'),
(283, 66, '2019-05-17 14:26:45', '2019-05-17 15:47:04', 'internal_user'),
(284, 66, '2019-05-17 15:08:10', '2019-05-17 15:08:15', 'internal_user'),
(285, 66, '2019-05-17 15:47:08', '2019-05-17 15:47:15', 'internal_user'),
(286, 66, '2019-05-18 02:20:41', '2019-05-18 02:23:48', 'internal_user'),
(287, 66, '2019-05-18 09:59:41', '2019-05-18 10:36:55', 'internal_user'),
(288, 66, '2019-05-18 10:46:04', '2019-05-18 10:46:22', 'internal_user'),
(289, 66, '2019-05-19 04:52:21', NULL, 'internal_user'),
(290, 66, '2019-05-19 06:22:16', NULL, 'internal_user'),
(291, 66, '2019-05-19 08:41:20', '2019-05-19 08:43:41', 'internal_user'),
(292, 66, '2019-05-19 11:26:32', '2019-05-19 14:38:06', 'internal_user'),
(293, 4, '2019-05-19 11:29:30', '2019-05-19 11:32:26', ''),
(294, 1, '2019-05-19 11:33:00', NULL, ''),
(295, 1, '2019-05-19 12:18:15', NULL, ''),
(296, 66, '2019-05-19 14:44:08', '2019-05-19 15:54:38', 'internal_user'),
(297, 66, '2019-05-20 02:58:47', '2019-05-20 04:23:37', 'internal_user'),
(298, 3, '2019-05-20 03:01:56', '2019-05-20 03:11:40', ''),
(299, 66, '2019-05-20 04:17:18', NULL, 'internal_user'),
(300, 66, '2019-05-20 04:17:57', NULL, 'internal_user'),
(301, 66, '2019-05-20 04:58:01', '2019-05-20 04:59:14', 'internal_user'),
(302, 66, '2019-05-20 06:53:29', NULL, 'internal_user'),
(303, 66, '2019-05-20 08:34:00', '2019-05-20 08:39:09', 'internal_user'),
(304, 66, '2019-05-20 09:02:41', NULL, 'internal_user'),
(305, 66, '2019-05-20 09:50:00', '2019-05-20 09:51:00', 'internal_user'),
(306, 1, '2019-05-20 09:51:37', '2019-05-20 09:51:53', ''),
(307, 66, '2019-05-20 09:52:00', NULL, 'internal_user'),
(308, 66, '2019-05-20 10:04:12', NULL, 'internal_user'),
(309, 66, '2019-05-20 10:05:45', '2019-05-20 10:27:56', 'internal_user'),
(310, 66, '2019-05-20 10:30:23', '2019-05-20 10:32:15', 'internal_user'),
(311, 66, '2019-05-20 11:49:20', NULL, 'internal_user'),
(312, 66, '2019-05-20 13:05:06', '2019-05-20 13:28:31', 'internal_user'),
(313, 66, '2019-05-21 02:41:20', '2019-05-21 03:22:19', 'internal_user'),
(314, 66, '2019-05-21 04:09:29', '2019-05-21 04:10:38', 'internal_user'),
(315, 66, '2019-05-21 04:10:41', '2019-05-21 04:13:39', 'internal_user'),
(316, 66, '2019-05-21 04:25:29', '2019-05-21 04:56:43', 'internal_user'),
(317, 66, '2019-05-21 04:58:02', NULL, 'internal_user'),
(318, 66, '2019-05-21 06:39:19', '2019-05-21 06:40:01', 'internal_user'),
(319, 66, '2019-05-21 07:03:12', '2019-05-21 07:16:18', 'internal_user'),
(320, 66, '2019-05-21 09:28:08', '2019-05-21 09:28:41', 'internal_user'),
(321, 66, '2019-05-21 09:49:23', '2019-05-21 10:02:44', 'internal_user'),
(322, 66, '2019-05-21 09:58:43', '2019-05-21 11:06:53', 'internal_user'),
(323, 66, '2019-05-21 10:05:23', '2019-05-21 10:14:04', 'internal_user'),
(324, 66, '2019-05-21 10:15:37', '2019-05-21 10:54:31', 'internal_user'),
(325, 2, '2019-05-21 10:55:30', '2019-05-21 10:55:39', 'admin'),
(326, 66, '2019-05-21 10:55:46', '2019-05-21 11:28:54', 'internal_user'),
(327, 66, '2019-05-21 11:18:01', NULL, 'internal_user'),
(328, 66, '2019-05-21 12:23:19', '2019-05-21 12:46:15', 'internal_user'),
(329, 66, '2019-05-21 13:38:49', NULL, 'internal_user'),
(330, 66, '2019-05-22 04:02:44', '2019-05-22 04:04:43', 'internal_user'),
(331, 66, '2019-05-22 04:06:19', '2019-05-22 04:18:02', 'internal_user'),
(332, 66, '2019-05-22 04:48:07', NULL, 'internal_user'),
(333, 66, '2019-05-22 05:31:43', '2019-05-22 05:48:56', 'internal_user'),
(334, 66, '2019-05-22 10:02:10', '2019-05-22 10:29:03', 'internal_user'),
(335, 66, '2019-05-22 11:11:48', NULL, 'internal_user'),
(336, 66, '2019-05-22 11:41:33', '2019-05-22 12:30:04', 'internal_user'),
(337, 66, '2019-05-22 12:46:15', NULL, 'internal_user'),
(338, 66, '2019-05-23 04:19:56', '2019-05-23 04:20:24', 'internal_user'),
(339, 66, '2019-05-23 06:34:21', '2019-05-23 06:40:32', 'internal_user'),
(340, 66, '2019-05-24 03:11:23', NULL, 'internal_user'),
(341, 66, '2019-05-24 04:46:06', '2019-05-24 05:25:22', 'internal_user'),
(342, 66, '2019-05-24 05:37:36', '2019-05-24 05:40:01', 'internal_user'),
(343, 66, '2019-05-24 05:37:36', '2019-05-24 05:37:51', 'internal_user'),
(344, 66, '2019-05-24 05:41:02', '2019-05-24 05:41:05', 'internal_user'),
(345, 66, '2019-05-24 05:41:35', '2019-05-24 05:42:23', 'internal_user'),
(346, 2, '2019-05-24 05:43:12', '2019-05-24 05:50:13', 'admin'),
(347, 66, '2019-05-24 06:08:58', '2019-05-24 06:15:48', 'internal_user'),
(348, 2, '2019-05-24 06:15:52', '2019-05-24 06:18:31', 'admin'),
(349, 2, '2019-05-24 06:18:57', '2019-05-24 06:34:27', 'admin'),
(350, 2, '2019-05-24 06:25:26', '2019-05-24 06:26:58', 'admin'),
(351, 66, '2019-05-24 06:31:24', '2019-05-24 06:46:13', 'internal_user'),
(352, 66, '2019-05-24 06:54:24', NULL, 'internal_user'),
(353, 66, '2019-05-24 08:07:51', NULL, 'internal_user'),
(354, 66, '2019-05-24 09:16:26', '2019-05-24 09:20:41', 'internal_user'),
(355, 66, '2019-05-24 09:30:40', '2019-05-24 09:44:14', 'internal_user'),
(356, 66, '2019-05-24 10:11:13', NULL, 'internal_user'),
(357, 66, '2019-05-24 10:45:48', '2019-05-24 10:46:13', 'internal_user'),
(358, 66, '2019-05-26 03:49:37', '2019-05-26 03:56:53', 'internal_user'),
(359, 66, '2019-05-26 15:06:39', '2019-05-26 15:07:41', 'internal_user'),
(360, 66, '2019-05-27 04:09:41', '2019-05-27 05:24:02', 'internal_user'),
(361, 66, '2019-05-27 05:06:11', NULL, 'internal_user'),
(362, 66, '2019-05-27 05:24:07', '2019-05-27 05:43:17', 'internal_user'),
(363, 66, '2019-05-27 05:45:12', '2019-05-27 06:28:30', 'internal_user'),
(364, 66, '2019-05-27 06:12:38', NULL, 'internal_user'),
(365, 66, '2019-05-27 07:56:20', '2019-05-27 10:03:51', 'internal_user'),
(366, 66, '2019-05-27 08:51:54', '2019-05-27 10:42:41', 'internal_user'),
(367, 66, '2019-05-27 10:03:58', NULL, 'internal_user'),
(368, 66, '2019-05-27 10:15:18', '2019-05-27 10:35:48', 'internal_user'),
(369, 66, '2019-05-27 10:38:28', '2019-05-27 10:45:20', 'internal_user'),
(370, 2, '2019-05-27 11:19:44', '2019-05-27 11:19:53', 'admin'),
(371, 66, '2019-05-27 11:19:56', '2019-05-27 11:28:17', 'internal_user'),
(372, 66, '2019-05-27 11:42:13', NULL, 'internal_user'),
(373, 66, '2019-05-27 12:03:53', '2019-05-27 12:19:33', 'internal_user'),
(374, 66, '2019-05-27 12:29:52', '2019-05-27 12:40:19', 'internal_user'),
(375, 66, '2019-05-27 12:51:19', NULL, 'internal_user'),
(376, 66, '2019-05-28 02:09:42', '2019-05-28 02:19:35', 'internal_user'),
(377, 66, '2019-05-28 05:37:56', '2019-05-28 06:25:48', 'internal_user'),
(378, 64, '2019-05-28 06:27:37', NULL, 'internal_user'),
(379, 66, '2019-05-28 07:07:21', '2019-05-28 07:28:31', 'internal_user'),
(380, 66, '2019-05-28 08:27:23', '2019-05-28 09:18:08', 'internal_user'),
(381, 66, '2019-05-28 10:09:40', '2019-05-28 10:28:24', 'internal_user'),
(382, 66, '2019-05-28 10:32:03', NULL, 'internal_user'),
(383, 66, '2019-05-28 10:34:33', '2019-05-28 11:02:03', 'internal_user'),
(384, 66, '2019-05-28 10:56:39', NULL, 'internal_user'),
(385, 66, '2019-05-28 12:31:30', '2019-05-28 12:37:10', 'internal_user'),
(386, 66, '2019-05-28 14:03:04', '2019-05-28 14:04:49', 'internal_user'),
(387, 67, '2019-05-28 15:54:33', NULL, 'internal_user'),
(388, 66, '2019-05-29 03:59:47', NULL, 'internal_user'),
(389, 66, '2019-05-29 06:26:43', NULL, 'internal_user'),
(390, 66, '2019-05-29 07:12:27', NULL, 'internal_user'),
(391, 66, '2019-05-29 09:07:01', NULL, 'internal_user'),
(392, 66, '2019-05-29 10:27:33', '2019-05-29 10:30:42', 'internal_user'),
(393, 66, '2019-05-29 10:36:06', '2019-05-29 10:36:30', 'internal_user'),
(394, 66, '2019-05-29 10:48:47', '2019-05-29 11:27:30', 'internal_user'),
(395, 66, '2019-05-29 11:40:53', '2019-05-29 11:44:23', 'internal_user'),
(396, 66, '2019-05-29 11:53:35', '2019-05-29 12:02:14', 'internal_user'),
(397, 66, '2019-05-29 12:08:31', '2019-05-29 12:11:47', 'internal_user'),
(398, 66, '2019-05-29 12:39:55', NULL, 'internal_user'),
(399, 66, '2019-05-30 04:54:10', NULL, 'internal_user'),
(400, 66, '2019-05-30 05:19:30', NULL, 'internal_user'),
(401, 66, '2019-05-30 06:32:42', '2019-05-30 06:33:00', 'internal_user'),
(402, 66, '2019-05-30 08:52:34', '2019-05-30 09:00:41', 'internal_user'),
(403, 66, '2019-05-30 09:33:00', NULL, 'internal_user'),
(404, 66, '2019-05-30 10:35:38', '2019-05-30 11:33:59', 'internal_user'),
(405, 66, '2019-05-30 10:57:58', '2019-05-30 11:31:18', 'internal_user'),
(406, 2, '2019-05-30 11:34:02', '2019-05-30 11:34:10', 'admin'),
(407, 66, '2019-05-30 11:50:45', '2019-05-30 11:52:05', 'internal_user'),
(408, 66, '2019-05-30 11:55:25', '2019-05-30 11:57:22', 'internal_user'),
(409, 66, '2019-05-30 11:57:36', '2019-05-30 12:00:32', 'internal_user'),
(410, 66, '2019-05-30 12:12:50', '2019-05-30 12:55:55', 'internal_user'),
(411, 66, '2019-05-30 12:18:45', '2019-05-30 12:47:02', 'internal_user'),
(412, 66, '2019-05-30 13:00:29', NULL, 'internal_user'),
(413, 66, '2019-05-30 13:25:00', '2019-05-30 14:00:17', 'internal_user'),
(414, 66, '2019-05-30 14:12:57', NULL, 'internal_user'),
(415, 66, '2019-05-31 05:19:37', '2019-05-31 05:21:15', 'internal_user'),
(416, 66, '2019-05-31 05:21:53', '2019-05-31 05:36:03', 'internal_user'),
(417, 66, '2019-05-31 05:36:24', '2019-05-31 05:40:16', 'internal_user'),
(418, 66, '2019-05-31 06:02:23', '2019-05-31 06:20:31', 'internal_user'),
(419, 66, '2019-05-31 06:10:03', '2019-05-31 06:16:59', 'internal_user'),
(420, 2, '2019-05-31 06:20:34', '2019-05-31 06:21:13', 'admin'),
(421, 66, '2019-05-31 06:21:16', '2019-05-31 06:26:17', 'internal_user'),
(422, 66, '2019-05-31 07:18:56', '2019-05-31 08:30:34', 'internal_user'),
(423, 66, '2019-05-31 08:27:15', '2019-05-31 08:27:21', 'internal_user'),
(424, 2, '2019-05-31 08:27:26', NULL, 'admin'),
(425, 66, '2019-05-31 08:34:42', NULL, 'internal_user'),
(426, 66, '2019-05-31 08:40:20', '2019-05-31 08:45:48', 'internal_user'),
(427, 66, '2019-05-31 10:52:51', NULL, 'internal_user'),
(428, 66, '2019-05-31 12:33:48', '2019-05-31 12:34:17', 'internal_user'),
(429, 66, '2019-05-31 13:28:28', NULL, 'internal_user'),
(430, 66, '2019-06-01 03:05:48', NULL, 'internal_user'),
(431, 66, '2019-06-01 04:13:21', '2019-06-01 04:27:38', 'internal_user'),
(432, 66, '2019-06-01 04:15:39', '2019-06-01 04:39:49', 'internal_user'),
(433, 66, '2019-06-01 04:50:51', NULL, 'internal_user'),
(434, 66, '2019-06-01 05:31:22', NULL, 'internal_user'),
(435, 66, '2019-06-01 05:43:46', '2019-06-01 06:01:46', 'internal_user'),
(436, 66, '2019-06-01 07:58:18', NULL, 'internal_user'),
(437, 66, '2019-06-01 09:06:58', '2019-06-01 10:42:59', 'internal_user'),
(438, 66, '2019-06-01 09:20:13', '2019-06-01 09:20:32', 'internal_user'),
(439, 66, '2019-06-01 09:21:40', '2019-06-01 09:28:49', 'internal_user'),
(440, 66, '2019-06-01 10:43:01', '2019-06-01 11:14:49', 'internal_user'),
(441, 66, '2019-06-01 12:17:06', '2019-06-01 12:21:54', 'internal_user'),
(442, 66, '2019-06-01 18:22:27', NULL, 'internal_user'),
(443, 66, '2019-06-02 05:48:04', '2019-06-02 05:50:35', 'internal_user'),
(444, 66, '2019-06-02 06:38:49', '2019-06-02 06:50:39', 'internal_user'),
(445, 66, '2019-06-03 04:28:53', '2019-06-03 04:48:02', 'internal_user'),
(446, 66, '2019-06-03 04:56:52', NULL, 'internal_user'),
(447, 66, '2019-06-03 05:19:13', '2019-06-03 06:18:00', 'internal_user'),
(448, 66, '2019-06-03 06:11:47', '2019-06-03 07:06:11', 'internal_user'),
(449, 66, '2019-06-03 06:29:21', '2019-06-03 07:29:54', 'internal_user'),
(450, 66, '2019-06-03 06:47:35', NULL, 'internal_user'),
(451, 2, '2019-06-03 07:06:16', '2019-06-03 07:37:07', 'admin'),
(452, 66, '2019-06-03 07:29:56', '2019-06-03 07:58:33', 'internal_user'),
(453, 2, '2019-06-03 07:37:11', '2019-06-03 07:38:06', 'admin'),
(454, 66, '2019-06-03 07:51:11', '2019-06-03 07:52:31', 'internal_user'),
(455, 2, '2019-06-03 07:52:34', '2019-06-03 07:52:58', 'admin'),
(456, 66, '2019-06-03 07:53:02', NULL, 'internal_user'),
(457, 66, '2019-06-03 08:04:10', NULL, 'internal_user'),
(458, 66, '2019-06-03 09:08:59', NULL, 'internal_user'),
(459, 66, '2019-06-03 09:15:20', '2019-06-03 10:16:44', 'internal_user'),
(460, 66, '2019-06-03 09:33:43', '2019-06-03 10:35:10', 'internal_user'),
(461, 2, '2019-06-03 10:05:14', '2019-06-03 10:06:23', 'admin'),
(462, 2, '2019-06-03 10:06:16', NULL, 'admin'),
(463, 66, '2019-06-03 10:17:03', '2019-06-03 10:31:09', 'internal_user'),
(464, 66, '2019-06-03 10:34:45', '2019-06-03 11:15:16', 'internal_user'),
(465, 2, '2019-06-03 10:35:14', '2019-06-03 10:42:47', 'admin'),
(466, 66, '2019-06-03 10:42:51', '2019-06-03 10:43:54', 'internal_user'),
(467, 2, '2019-06-03 10:43:58', '2019-06-03 10:44:16', 'admin'),
(468, 66, '2019-06-03 10:44:25', '2019-06-03 11:22:11', 'internal_user'),
(469, 66, '2019-06-03 10:50:26', NULL, 'internal_user'),
(470, 66, '2019-06-03 12:25:04', '2019-06-03 13:26:53', 'internal_user'),
(471, 66, '2019-06-03 14:26:38', '2019-06-03 15:04:41', 'internal_user'),
(472, 66, '2019-06-04 01:25:24', '2019-06-04 01:39:15', 'internal_user'),
(473, 66, '2019-06-04 02:40:10', NULL, 'internal_user'),
(474, 66, '2019-06-04 05:35:15', NULL, 'internal_user'),
(475, 66, '2019-06-04 05:55:10', '2019-06-04 06:34:36', 'internal_user'),
(476, 66, '2019-06-04 06:01:13', '2019-06-04 13:55:57', 'internal_user'),
(477, 66, '2019-06-04 08:36:21', NULL, 'internal_user'),
(478, 66, '2019-06-04 09:47:35', '2019-06-04 09:48:25', 'internal_user'),
(479, 66, '2019-06-04 10:20:44', '2019-06-04 10:34:38', 'internal_user'),
(480, 66, '2019-06-04 10:38:36', '2019-06-04 14:02:14', 'internal_user'),
(481, 66, '2019-06-04 14:06:29', '2019-06-04 14:32:54', 'internal_user'),
(482, 66, '2019-06-05 04:31:20', '2019-06-05 06:46:46', 'internal_user'),
(483, 66, '2019-06-05 04:32:16', NULL, 'internal_user'),
(484, 66, '2019-06-05 05:07:45', NULL, 'internal_user'),
(485, 66, '2019-06-05 06:51:16', NULL, 'internal_user'),
(486, 66, '2019-06-05 07:02:53', '2019-06-05 07:09:21', 'internal_user'),
(487, 66, '2019-06-05 08:26:28', '2019-06-05 08:27:21', 'internal_user'),
(488, 66, '2019-06-05 08:38:51', '2019-06-05 08:41:26', 'internal_user'),
(489, 69, '2019-06-05 08:41:42', '2019-06-05 08:43:32', 'internal_user'),
(490, 69, '2019-06-05 08:43:48', NULL, 'internal_user'),
(491, 66, '2019-06-05 09:46:55', '2019-06-05 10:49:20', 'internal_user'),
(492, 66, '2019-06-05 11:08:08', NULL, 'internal_user'),
(493, 66, '2019-06-05 11:41:44', '2019-06-05 11:41:54', 'internal_user'),
(494, 64, '2019-06-05 17:54:37', NULL, 'internal_user'),
(495, 64, '2019-06-06 16:41:05', NULL, 'internal_user'),
(496, 64, '2019-06-07 13:30:38', NULL, 'internal_user'),
(497, 64, '2019-06-10 14:11:25', NULL, 'internal_user'),
(498, 64, '2019-06-11 10:37:54', NULL, 'internal_user'),
(499, 64, '2019-06-11 10:37:58', NULL, 'internal_user'),
(500, 64, '2019-06-11 15:00:55', NULL, 'internal_user'),
(501, 64, '2019-06-12 10:14:57', '2019-06-12 10:59:06', 'internal_user'),
(502, 64, '2019-06-12 10:59:21', NULL, 'internal_user'),
(503, 64, '2019-06-13 10:11:39', NULL, 'internal_user'),
(504, 64, '2019-06-13 22:26:13', NULL, 'internal_user'),
(505, 64, '2019-06-14 10:17:00', '2019-06-14 15:39:56', 'internal_user'),
(506, 2, '2019-06-14 15:40:20', '2019-06-14 15:41:04', 'admin'),
(507, 64, '2019-06-14 15:41:08', NULL, 'internal_user'),
(508, 64, '2019-06-15 11:25:33', '2019-06-15 13:17:53', 'internal_user'),
(509, 64, '2019-06-17 10:57:45', '2019-06-17 13:47:10', 'internal_user'),
(510, 64, '2019-06-17 13:51:35', '2019-06-17 13:51:58', 'internal_user'),
(511, 2, '2019-06-17 13:52:10', '2019-06-17 14:05:46', 'admin'),
(512, 64, '2019-06-17 14:05:56', '2019-06-17 17:35:38', 'internal_user'),
(513, 64, '2019-06-19 15:28:49', NULL, 'internal_user'),
(514, 64, '2019-06-19 16:53:13', NULL, 'internal_user'),
(515, 64, '2019-06-20 10:00:16', NULL, 'internal_user'),
(516, 64, '2019-06-20 11:25:12', '2019-06-20 15:52:52', 'internal_user'),
(517, 64, '2019-06-20 16:00:35', '2019-06-20 16:02:01', 'internal_user'),
(518, 64, '2019-06-20 16:03:13', NULL, 'internal_user'),
(519, 64, '2019-06-21 15:26:56', '2019-06-21 15:33:14', 'internal_user'),
(520, 64, '2019-06-21 17:09:21', NULL, 'internal_user'),
(521, 66, '2019-06-21 17:13:01', '2019-06-21 17:16:03', 'internal_user'),
(522, 2, '2019-06-21 17:17:03', '2019-06-21 17:19:37', 'admin'),
(523, 66, '2019-06-21 17:19:42', '2019-06-21 17:45:52', 'internal_user'),
(524, 66, '2019-06-21 17:47:49', '2019-06-21 18:13:07', 'internal_user'),
(525, 66, '2019-06-21 18:13:52', NULL, 'internal_user'),
(526, 64, '2019-06-21 18:19:40', '2019-06-21 20:13:17', 'internal_user'),
(527, 66, '2019-06-21 19:13:39', '2019-06-21 19:30:37', 'internal_user'),
(528, 66, '2019-06-21 20:52:15', '2019-06-21 20:54:33', 'internal_user'),
(529, 66, '2019-06-22 08:11:30', '2019-06-22 08:14:18', 'internal_user'),
(530, 66, '2019-06-22 08:49:57', NULL, 'internal_user'),
(531, 66, '2019-06-22 10:03:09', '2019-06-22 11:24:55', 'internal_user'),
(532, 64, '2019-06-22 10:10:00', '2019-06-22 10:10:32', 'internal_user'),
(533, 65, '2019-06-22 10:11:15', '2019-06-22 10:11:24', 'internal_user'),
(534, 64, '2019-06-22 10:15:11', NULL, 'internal_user'),
(535, 65, '2019-06-22 11:11:32', '2019-06-22 12:06:42', 'internal_user'),
(536, 64, '2019-06-22 11:21:57', NULL, 'internal_user'),
(537, 66, '2019-06-22 11:30:20', '2019-06-22 11:31:00', 'internal_user'),
(538, 64, '2019-06-22 12:01:58', '2019-06-22 14:53:27', 'internal_user'),
(539, 65, '2019-06-22 12:07:01', NULL, 'internal_user'),
(540, 66, '2019-06-22 12:44:01', NULL, 'internal_user'),
(541, 65, '2019-06-22 12:49:19', '2019-06-22 13:46:59', 'internal_user'),
(542, 66, '2019-06-22 16:18:02', '2019-06-22 17:27:52', 'internal_user'),
(543, 66, '2019-06-22 19:04:33', NULL, 'internal_user'),
(544, 66, '2019-06-22 19:39:18', NULL, 'internal_user'),
(545, 66, '2019-06-23 07:56:19', NULL, 'internal_user'),
(546, 66, '2019-06-23 09:43:56', NULL, 'internal_user'),
(547, 66, '2019-06-23 12:23:58', '2019-06-23 12:26:15', 'internal_user'),
(548, 66, '2019-06-23 12:26:17', '2019-06-23 12:34:13', 'internal_user'),
(549, 66, '2019-06-23 12:34:22', '2019-06-23 12:57:02', 'internal_user'),
(550, 66, '2019-06-23 14:24:38', '2019-06-23 14:26:07', 'internal_user'),
(551, 66, '2019-06-23 14:33:25', NULL, 'internal_user'),
(552, 66, '2019-06-23 16:16:34', '2019-06-23 17:22:01', 'internal_user'),
(553, 66, '2019-06-23 17:22:03', NULL, 'internal_user'),
(554, 66, '2019-06-23 19:06:36', '2019-06-23 19:22:16', 'internal_user'),
(555, 66, '2019-06-23 19:23:27', '2019-06-23 19:24:38', 'internal_user'),
(556, 66, '2019-06-23 19:25:55', '2019-06-23 19:26:20', 'internal_user'),
(557, 66, '2019-06-23 20:04:41', '2019-06-23 20:34:49', 'internal_user'),
(558, 66, '2019-06-24 05:12:05', '2019-06-24 05:12:41', 'internal_user'),
(559, 66, '2019-06-24 09:09:37', NULL, 'internal_user'),
(560, 66, '2019-06-24 09:44:56', NULL, 'internal_user'),
(561, 66, '2019-06-24 10:24:23', '2019-06-24 11:11:15', 'internal_user'),
(562, 64, '2019-06-24 10:43:54', '2019-06-24 10:44:34', 'internal_user'),
(563, 66, '2019-06-24 11:17:31', '2019-06-24 11:23:56', 'internal_user'),
(564, 64, '2019-06-24 11:30:20', NULL, 'internal_user'),
(565, 64, '2019-06-24 11:52:06', '2019-06-24 12:51:35', 'internal_user'),
(566, 64, '2019-06-24 12:10:46', NULL, 'internal_user'),
(567, 66, '2019-06-24 12:36:22', '2019-06-24 15:35:20', 'internal_user'),
(568, 64, '2019-06-24 12:51:36', NULL, 'internal_user'),
(569, 64, '2019-06-24 12:52:41', '2019-06-24 12:53:42', 'internal_user'),
(570, 64, '2019-06-24 12:54:12', NULL, 'internal_user'),
(571, 64, '2019-06-24 13:49:33', '2019-06-24 14:02:53', 'internal_user'),
(572, 66, '2019-06-24 15:38:12', '2019-06-24 17:32:29', 'internal_user'),
(573, 64, '2019-06-24 15:41:38', NULL, 'internal_user'),
(574, 66, '2019-06-24 18:17:45', '2019-06-24 18:23:29', 'internal_user'),
(575, 66, '2019-06-24 18:53:33', '2019-06-24 18:55:04', 'internal_user'),
(576, 2, '2019-06-24 18:55:09', '2019-06-24 18:56:22', 'admin'),
(577, 69, '2019-06-24 18:56:35', '2019-06-24 18:59:54', 'internal_user'),
(578, 69, '2019-06-24 19:08:27', '2019-06-24 19:09:14', 'internal_user'),
(579, 69, '2019-06-24 19:09:28', '2019-06-24 19:09:35', 'internal_user'),
(580, 66, '2019-06-24 19:09:40', '2019-06-24 19:10:06', 'internal_user'),
(581, 64, '2019-06-24 19:36:06', '2019-06-24 19:37:33', 'internal_user'),
(582, 66, '2019-06-24 21:05:26', '2019-06-24 21:05:52', 'internal_user'),
(583, 66, '2019-06-25 06:39:34', '2019-06-25 06:41:12', 'internal_user'),
(584, 66, '2019-06-25 06:58:27', '2019-06-25 07:08:55', 'internal_user'),
(585, 66, '2019-06-25 07:34:52', '2019-06-25 07:53:39', 'internal_user'),
(586, 66, '2019-06-25 07:53:47', NULL, 'internal_user'),
(587, 66, '2019-06-25 10:33:41', '2019-06-25 10:33:47', 'internal_user'),
(588, 66, '2019-06-25 11:10:14', '2019-06-25 11:11:16', 'internal_user'),
(589, 66, '2019-06-25 11:11:18', '2019-06-25 11:26:01', 'internal_user'),
(590, 66, '2019-06-25 12:43:05', '2019-06-25 12:44:15', 'internal_user'),
(591, 66, '2019-06-25 12:45:43', '2019-06-25 12:48:04', 'internal_user'),
(592, 2, '2019-06-25 12:49:30', '2019-06-25 12:50:31', 'admin'),
(593, 69, '2019-06-25 12:50:52', '2019-06-25 14:07:07', 'internal_user'),
(594, 64, '2019-06-25 13:25:10', NULL, 'internal_user'),
(595, 69, '2019-06-25 14:12:05', '2019-06-25 14:15:47', 'internal_user'),
(596, 66, '2019-06-25 15:36:39', '2019-06-25 15:39:38', 'internal_user'),
(597, 66, '2019-06-25 15:40:50', '2019-06-25 15:45:58', 'internal_user'),
(598, 66, '2019-06-25 16:17:38', '2019-06-25 17:11:24', 'internal_user'),
(599, 66, '2019-06-25 17:13:45', '2019-06-25 17:34:02', 'internal_user'),
(600, 64, '2019-06-25 17:24:07', NULL, 'internal_user'),
(601, 66, '2019-06-25 17:39:48', NULL, 'internal_user'),
(602, 66, '2019-06-26 07:20:29', '2019-06-26 07:55:29', 'internal_user'),
(603, 66, '2019-06-26 08:05:14', '2019-06-26 08:37:35', 'internal_user'),
(604, 66, '2019-06-26 09:36:35', '2019-06-26 10:35:32', 'internal_user'),
(605, 64, '2019-06-26 09:55:06', '2019-06-26 09:56:14', 'internal_user'),
(606, 64, '2019-06-26 10:09:44', NULL, 'internal_user'),
(607, 64, '2019-06-26 10:51:25', NULL, 'internal_user'),
(608, 64, '2019-06-26 10:51:25', NULL, 'internal_user'),
(609, 64, '2019-06-26 10:53:49', '2019-06-26 11:49:26', 'internal_user'),
(610, 66, '2019-06-26 12:43:03', '2019-06-26 12:48:27', 'internal_user'),
(611, 66, '2019-06-26 12:48:29', '2019-06-26 13:00:23', 'internal_user'),
(612, 66, '2019-06-26 13:04:10', '2019-06-26 13:25:02', 'internal_user'),
(613, 2, '2019-06-26 13:25:08', '2019-06-26 13:27:05', 'admin'),
(614, 66, '2019-06-26 13:27:09', NULL, 'internal_user'),
(615, 1, '2019-06-26 13:52:37', '2019-06-26 13:54:25', 'superadmin'),
(616, 64, '2019-06-26 13:54:34', NULL, 'internal_user'),
(617, 1, '2019-06-26 14:05:30', '2019-06-26 14:06:58', 'superadmin'),
(618, 66, '2019-06-26 14:07:11', NULL, 'internal_user'),
(619, 66, '2019-06-26 15:05:49', NULL, 'internal_user'),
(620, 5, '2019-06-26 15:08:05', '2019-06-26 16:03:34', ''),
(621, 64, '2019-06-26 15:36:01', '2019-06-26 16:00:53', 'internal_user'),
(622, 5, '2019-06-26 16:01:22', '2019-06-26 16:01:50', ''),
(623, 64, '2019-06-26 16:05:00', NULL, 'internal_user'),
(624, 66, '2019-06-26 17:03:24', '2019-06-26 18:29:34', 'internal_user'),
(625, 66, '2019-06-27 07:14:27', NULL, 'internal_user'),
(626, 64, '2019-06-27 10:04:31', '2019-06-27 10:26:26', 'internal_user'),
(627, 66, '2019-06-27 10:19:38', '2019-06-27 10:40:32', 'internal_user'),
(628, 2, '2019-06-27 10:28:05', '2019-06-27 10:43:55', 'admin'),
(629, 2, '2019-06-27 10:49:01', '2019-06-27 10:49:07', 'admin'),
(630, 64, '2019-06-27 10:49:13', '2019-06-27 11:00:17', 'internal_user'),
(631, 2, '2019-06-27 11:00:19', '2019-06-27 11:24:54', 'admin'),
(632, 2, '2019-06-27 11:24:57', '2019-06-27 11:25:10', 'admin'),
(633, 64, '2019-06-27 11:25:21', '2019-06-27 11:26:07', 'internal_user'),
(634, 66, '2019-06-27 12:06:15', '2019-06-27 12:50:27', 'internal_user'),
(635, 64, '2019-06-27 13:04:49', NULL, 'internal_user'),
(636, 66, '2019-06-27 13:29:53', '2019-06-27 13:34:00', 'internal_user'),
(637, 66, '2019-06-27 13:55:13', '2019-06-27 14:15:08', 'internal_user'),
(638, 66, '2019-06-27 16:52:29', '2019-06-27 17:20:45', 'internal_user'),
(639, 66, '2019-06-27 17:44:23', '2019-06-27 19:07:28', 'internal_user'),
(640, 66, '2019-06-27 20:44:43', NULL, 'internal_user'),
(641, 66, '2019-06-27 22:35:01', '2019-06-27 22:37:45', 'internal_user'),
(642, 66, '2019-06-29 12:02:50', '2019-06-29 12:24:58', 'internal_user'),
(643, 66, '2019-06-29 18:19:11', NULL, 'internal_user'),
(644, 64, '2019-06-29 23:29:39', NULL, 'internal_user'),
(645, 66, '2019-06-30 07:27:55', '2019-06-30 07:28:43', 'internal_user'),
(646, 69, '2019-06-30 07:28:48', '2019-06-30 07:33:59', 'internal_user'),
(647, 66, '2019-06-30 08:30:49', '2019-06-30 08:33:04', 'internal_user'),
(648, 69, '2019-06-30 08:33:09', '2019-06-30 09:09:13', 'internal_user'),
(649, 66, '2019-06-30 09:09:17', NULL, 'internal_user'),
(650, 66, '2019-07-01 07:41:10', '2019-07-01 07:59:08', 'internal_user'),
(651, 66, '2019-07-01 12:13:08', NULL, 'internal_user'),
(652, 66, '2019-07-01 13:20:59', '2019-07-01 13:21:57', 'internal_user'),
(653, 66, '2019-07-01 14:41:51', '2019-07-01 15:13:46', 'internal_user'),
(654, 66, '2019-07-02 07:31:35', NULL, 'internal_user'),
(655, 5, '2019-07-02 08:09:33', NULL, ''),
(656, 66, '2019-07-02 08:57:19', '2019-07-02 09:13:08', 'internal_user'),
(657, 66, '2019-07-02 09:13:16', NULL, 'internal_user'),
(658, 5, '2019-07-02 09:15:32', NULL, ''),
(659, 7, '2019-07-02 10:30:47', NULL, ''),
(660, 66, '2019-07-02 13:05:17', '2019-07-02 13:40:57', 'internal_user'),
(661, 66, '2019-07-03 11:41:53', '2019-07-03 12:00:54', 'internal_user'),
(662, 66, '2019-07-03 14:30:51', NULL, 'internal_user'),
(663, 7, '2019-07-03 14:44:03', NULL, ''),
(664, 66, '2019-07-03 19:54:35', NULL, 'internal_user'),
(665, 66, '2019-07-03 20:55:19', '2019-07-03 20:59:17', 'internal_user'),
(666, 66, '2019-07-03 21:03:27', '2019-07-03 21:07:28', 'internal_user'),
(667, 66, '2019-07-04 08:55:26', '2019-07-04 09:06:33', 'internal_user'),
(668, 66, '2019-07-04 09:12:23', NULL, 'internal_user'),
(669, 64, '2019-07-04 13:36:39', NULL, 'internal_user'),
(670, 66, '2019-07-04 18:03:52', NULL, 'internal_user'),
(671, 66, '2019-07-05 07:57:28', '2019-07-05 08:10:11', 'internal_user'),
(672, 66, '2019-07-05 12:34:17', '2019-07-05 12:38:21', 'internal_user'),
(673, 66, '2019-07-06 09:52:39', NULL, 'internal_user'),
(674, 66, '2019-07-07 09:47:32', NULL, 'internal_user'),
(675, 66, '2019-07-07 12:06:47', NULL, 'internal_user'),
(676, 66, '2019-07-07 12:49:09', '2019-07-07 13:33:45', 'internal_user'),
(677, 66, '2019-07-07 15:31:24', NULL, 'internal_user'),
(678, 66, '2019-07-07 17:31:11', '2019-07-07 18:03:56', 'internal_user'),
(679, 66, '2019-07-08 10:47:21', NULL, 'internal_user'),
(680, 2, '2019-07-08 11:19:37', '2019-07-08 11:29:38', 'admin'),
(681, 64, '2019-07-08 11:30:21', '2019-07-08 11:31:03', 'internal_user'),
(682, 64, '2019-07-08 11:31:09', '2019-07-08 11:32:01', 'internal_user'),
(683, 64, '2019-07-08 11:47:56', NULL, 'internal_user'),
(684, 66, '2019-07-08 12:50:39', '2019-07-08 12:52:46', 'internal_user'),
(685, 66, '2019-07-08 12:57:06', '2019-07-08 13:07:13', 'internal_user'),
(686, 64, '2019-07-08 13:02:21', '2019-07-08 13:15:35', 'internal_user'),
(687, 66, '2019-07-08 13:22:28', '2019-07-08 13:37:48', 'internal_user'),
(688, 66, '2019-07-08 13:37:51', '2019-07-08 14:09:42', 'internal_user'),
(689, 64, '2019-07-08 14:32:47', NULL, 'internal_user'),
(690, 64, '2019-07-08 14:47:26', NULL, 'internal_user'),
(691, 64, '2019-07-08 14:47:26', NULL, 'internal_user'),
(692, 66, '2019-07-08 14:52:18', NULL, 'internal_user'),
(693, 64, '2019-07-08 15:40:59', '2019-07-08 15:41:11', 'internal_user'),
(694, 64, '2019-07-08 15:42:06', '2019-07-08 15:44:54', 'internal_user'),
(695, 66, '2019-07-08 16:01:06', '2019-07-08 16:37:48', 'internal_user'),
(696, 66, '2019-07-08 16:44:00', '2019-07-08 16:47:04', 'internal_user'),
(697, 66, '2019-07-08 16:54:32', '2019-07-08 17:15:30', 'internal_user'),
(698, 66, '2019-07-09 07:42:47', NULL, 'internal_user'),
(699, 66, '2019-07-09 08:42:55', NULL, 'internal_user'),
(700, 66, '2019-07-09 09:57:44', NULL, 'internal_user'),
(701, 64, '2019-07-09 10:08:44', '2019-07-09 10:12:38', 'internal_user'),
(702, 66, '2019-07-09 11:03:33', '2019-07-09 11:29:41', 'internal_user'),
(703, 64, '2019-07-09 11:39:02', '2019-07-09 11:44:00', 'internal_user'),
(704, 66, '2019-07-09 11:48:39', NULL, 'internal_user'),
(705, 64, '2019-07-09 12:14:51', '2019-07-09 12:15:27', 'internal_user'),
(706, 66, '2019-07-09 12:15:32', '2019-07-09 13:10:57', 'internal_user'),
(707, 64, '2019-07-09 12:15:46', '2019-07-09 12:15:49', 'internal_user'),
(708, 64, '2019-07-09 12:19:55', '2019-07-09 12:19:57', 'internal_user'),
(709, 64, '2019-07-09 12:29:45', NULL, 'internal_user'),
(710, 66, '2019-07-09 13:14:23', '2019-07-09 13:21:05', 'internal_user'),
(711, 64, '2019-07-09 14:19:47', '2019-07-09 14:19:50', 'internal_user'),
(712, 66, '2019-07-09 15:00:38', NULL, 'internal_user'),
(713, 66, '2019-07-09 16:11:07', '2019-07-09 16:46:39', 'internal_user'),
(714, 66, '2019-07-09 16:47:09', NULL, 'internal_user'),
(715, 64, '2019-07-09 17:04:49', NULL, 'internal_user'),
(716, 66, '2019-07-09 17:41:58', '2019-07-09 17:47:29', 'internal_user'),
(717, 64, '2019-07-09 17:56:01', '2019-07-09 17:56:15', 'internal_user'),
(718, 64, '2019-07-09 18:09:12', '2019-07-09 18:31:25', 'internal_user'),
(719, 66, '2019-07-09 19:47:19', NULL, 'internal_user'),
(720, 66, '2019-07-09 21:10:39', '2019-07-09 21:15:36', 'internal_user'),
(721, 64, '2019-07-10 09:46:50', '2019-07-10 09:46:56', 'internal_user'),
(722, 64, '2019-07-10 12:49:58', NULL, 'internal_user'),
(723, 66, '2019-07-10 14:19:13', NULL, 'internal_user'),
(724, 66, '2019-07-11 05:31:20', '2019-07-11 05:33:53', 'internal_user'),
(725, 66, '2019-07-11 05:34:11', NULL, 'internal_user'),
(726, 66, '2019-07-11 06:41:01', NULL, 'internal_user'),
(727, 66, '2019-07-11 11:55:59', '2019-07-11 11:56:35', 'internal_user'),
(728, 66, '2019-07-11 13:33:26', '2019-07-11 14:04:57', 'internal_user'),
(729, 66, '2019-07-11 14:52:08', NULL, 'internal_user'),
(730, 66, '2019-07-11 17:35:12', NULL, 'internal_user'),
(731, 8, '2019-07-11 17:36:38', NULL, ''),
(732, 66, '2019-07-11 18:42:53', '2019-07-11 18:46:54', 'internal_user'),
(733, 66, '2019-07-11 19:05:21', '2019-07-11 20:01:58', 'internal_user'),
(734, 66, '2019-07-12 07:15:35', NULL, 'internal_user'),
(735, 66, '2019-07-12 09:42:21', '2019-07-12 10:17:28', 'internal_user'),
(736, 64, '2019-07-12 10:38:28', '2019-07-12 10:38:31', 'internal_user'),
(737, 66, '2019-07-12 13:45:01', '2019-07-12 14:22:34', 'internal_user'),
(738, 64, '2019-07-12 15:04:54', '2019-07-12 15:04:57', 'internal_user'),
(739, 66, '2019-07-12 15:43:05', '2019-07-12 15:45:11', 'internal_user'),
(740, 64, '2019-07-13 13:34:20', NULL, 'internal_user'),
(741, 64, '2019-07-13 14:40:21', NULL, 'internal_user'),
(742, 64, '2019-07-15 11:06:44', '2019-07-15 11:06:47', 'internal_user'),
(743, 66, '2019-07-16 09:13:56', NULL, 'internal_user'),
(744, 64, '2019-07-16 10:09:48', '2019-07-16 10:09:59', 'internal_user'),
(745, 64, '2019-07-16 10:18:00', '2019-07-16 10:18:03', 'internal_user'),
(746, 66, '2019-07-16 15:06:57', '2019-07-16 15:26:24', 'internal_user'),
(747, 8, '2019-07-16 15:14:11', '2019-07-16 15:26:18', ''),
(748, 66, '2019-07-16 15:33:27', '2019-07-16 15:46:26', 'internal_user'),
(749, 66, '2019-07-16 15:55:31', '2019-07-16 16:21:59', 'internal_user'),
(750, 64, '2019-07-16 16:24:59', '2019-07-16 16:27:06', 'internal_user'),
(751, 66, '2019-07-16 18:30:37', '2019-07-16 18:44:37', 'internal_user'),
(752, 66, '2019-07-16 18:46:27', '2019-07-16 18:46:57', 'internal_user'),
(753, 64, '2019-07-17 10:57:09', '2019-07-17 10:57:11', 'internal_user'),
(754, 66, '2019-07-17 11:19:59', '2019-07-17 11:23:36', 'internal_user'),
(755, 64, '2019-07-17 12:40:21', '2019-07-17 12:40:29', 'internal_user'),
(756, 66, '2019-07-17 15:09:57', NULL, 'internal_user'),
(757, 66, '2019-07-17 15:40:13', '2019-07-17 16:05:00', 'internal_user'),
(758, 66, '2019-07-17 16:25:57', '2019-07-17 16:53:03', 'internal_user'),
(759, 66, '2019-07-17 17:37:43', '2019-07-17 17:40:56', 'internal_user');
INSERT INTO `access_log_master` (`LOG_ID`, `LOGINID`, `IN_DATE`, `OUT_DATE`, `USER_TYPE`) VALUES
(760, 66, '2019-07-17 17:42:40', '2019-07-17 17:44:39', 'internal_user'),
(761, 66, '2019-07-17 19:04:39', '2019-07-17 19:21:04', 'internal_user'),
(762, 5, '2019-07-17 19:07:52', '2019-07-17 19:33:03', ''),
(763, 66, '2019-07-18 10:29:30', NULL, 'internal_user'),
(764, 64, '2019-07-18 12:27:33', '2019-07-18 12:27:42', 'internal_user'),
(765, 64, '2019-07-18 12:28:50', '2019-07-18 12:40:21', 'internal_user'),
(766, 66, '2019-07-18 12:52:33', NULL, 'internal_user'),
(767, 66, '2019-07-18 13:13:04', '2019-07-18 13:14:39', 'internal_user'),
(768, 66, '2019-07-18 14:02:29', '2019-07-18 14:17:48', 'internal_user'),
(769, 66, '2019-07-18 14:31:23', NULL, 'internal_user'),
(770, 5, '2019-07-18 14:39:47', NULL, ''),
(771, 64, '2019-07-18 15:03:02', '2019-07-18 15:03:12', 'internal_user'),
(772, 2, '2019-07-18 15:03:20', '2019-07-18 15:05:42', 'admin'),
(773, 10, '2019-07-18 15:30:11', '2019-07-18 15:43:29', ''),
(774, 10, '2019-07-18 15:43:40', '2019-07-18 15:44:02', ''),
(775, 11, '2019-07-18 15:44:46', NULL, ''),
(776, 66, '2019-07-18 17:44:33', '2019-07-18 18:19:38', 'internal_user'),
(777, 66, '2019-07-18 19:22:42', '2019-07-18 19:42:04', 'internal_user'),
(778, 66, '2019-07-19 09:36:54', NULL, 'internal_user'),
(779, 64, '2019-07-19 10:00:15', '2019-07-19 10:00:25', 'internal_user'),
(780, 66, '2019-07-19 10:15:05', NULL, 'internal_user'),
(781, 2, '2019-07-19 12:37:35', NULL, 'admin'),
(782, 66, '2019-07-19 14:21:58', '2019-07-19 15:19:18', 'internal_user'),
(783, 66, '2019-07-19 14:35:46', NULL, 'internal_user'),
(784, 69, '2019-07-19 15:19:23', '2019-07-19 16:46:43', 'internal_user'),
(785, 66, '2019-07-19 16:46:48', '2019-07-19 16:55:49', 'internal_user'),
(786, 66, '2019-07-19 17:51:10', '2019-07-19 18:06:08', 'internal_user'),
(787, 2, '2019-07-19 18:06:14', '2019-07-19 18:10:42', 'admin'),
(788, 2, '2019-07-19 18:32:21', '2019-07-19 19:22:14', 'admin'),
(789, 2, '2019-07-20 09:54:58', NULL, 'admin'),
(790, 66, '2019-07-20 10:12:21', NULL, 'internal_user'),
(791, 66, '2019-07-20 12:39:00', '2019-07-20 13:05:20', 'internal_user'),
(792, 2, '2019-07-20 15:29:26', NULL, 'admin'),
(793, 66, '2019-07-20 16:27:31', '2019-07-20 16:48:25', 'internal_user'),
(794, 2, '2019-07-20 17:11:57', '2019-07-20 17:21:13', 'admin'),
(795, 2, '2019-07-20 18:25:02', '2019-07-20 18:39:31', 'admin'),
(796, 2, '2019-07-20 19:17:20', '2019-07-20 19:18:51', 'admin'),
(797, 66, '2019-07-20 20:48:14', NULL, 'internal_user'),
(798, 66, '2019-07-21 13:05:55', '2019-07-21 14:18:04', 'internal_user'),
(799, 66, '2019-07-21 16:46:33', NULL, 'internal_user'),
(800, 66, '2019-07-22 08:04:27', '2019-07-22 08:06:39', 'internal_user'),
(801, 2, '2019-07-22 09:56:59', NULL, 'admin'),
(802, 2, '2019-07-22 10:14:39', NULL, 'admin'),
(803, 2, '2019-07-22 10:19:54', NULL, 'admin'),
(804, 2, '2019-07-22 10:22:31', NULL, 'admin'),
(805, 64, '2019-07-22 10:22:48', '2019-07-22 10:23:10', 'internal_user'),
(806, 2, '2019-07-22 10:24:07', NULL, 'admin'),
(807, 2, '2019-07-22 10:30:53', '2019-07-22 10:33:07', 'admin'),
(808, 2, '2019-07-22 10:39:21', NULL, 'admin'),
(809, 2, '2019-07-22 11:56:21', '2019-07-22 12:34:19', 'admin'),
(810, 2, '2019-07-22 12:34:21', '2019-07-22 12:34:37', 'admin'),
(811, 64, '2019-07-22 12:34:46', '2019-07-22 12:34:51', 'internal_user'),
(812, 2, '2019-07-22 12:34:55', '2019-07-22 12:35:19', 'admin'),
(813, 2, '2019-07-22 12:36:16', '2019-07-22 12:40:53', 'admin'),
(814, 2, '2019-07-22 13:21:25', '2019-07-22 13:22:22', 'admin'),
(815, 66, '2019-07-22 14:26:49', '2019-07-22 16:44:31', 'internal_user'),
(816, 12, '2019-07-22 16:20:58', '2019-07-22 16:28:42', ''),
(817, 66, '2019-07-22 18:36:33', NULL, 'internal_user'),
(818, 66, '2019-07-22 20:01:18', '2019-07-22 20:07:18', 'internal_user'),
(819, 66, '2019-07-23 05:30:24', '2019-07-23 05:36:50', 'internal_user'),
(820, 66, '2019-07-23 06:49:01', NULL, 'internal_user'),
(821, 2, '2019-07-23 10:01:44', NULL, 'admin'),
(822, 2, '2019-07-23 10:13:18', '2019-07-23 10:37:47', 'admin'),
(823, 66, '2019-07-23 18:50:49', '2019-07-23 18:51:44', 'internal_user'),
(824, 66, '2019-07-23 19:20:10', NULL, 'internal_user'),
(825, 66, '2019-07-23 20:14:50', '2019-07-23 20:18:02', 'internal_user'),
(826, 66, '2019-07-24 08:24:20', '2019-07-24 08:24:43', 'internal_user'),
(827, 2, '2019-07-24 09:49:16', NULL, 'admin'),
(828, 64, '2019-07-24 10:30:59', NULL, 'internal_user'),
(829, 64, '2019-07-24 11:35:13', '2019-07-24 11:37:04', 'internal_user'),
(830, 2, '2019-07-24 11:46:20', '2019-07-24 11:47:33', 'admin'),
(831, 64, '2019-07-24 12:07:43', NULL, 'internal_user'),
(832, 66, '2019-07-24 15:02:24', '2019-07-24 15:18:14', 'internal_user'),
(833, 64, '2019-07-24 15:16:58', '2019-07-24 15:50:49', 'internal_user'),
(834, 66, '2019-07-24 16:14:01', NULL, 'internal_user'),
(835, 2, '2019-07-24 19:19:12', NULL, 'admin'),
(836, 2, '2019-07-24 19:38:34', NULL, 'admin'),
(837, 2, '2019-07-25 10:11:33', '2019-07-25 10:11:35', 'admin'),
(838, 66, '2019-07-25 11:30:54', NULL, 'internal_user'),
(839, 2, '2019-07-25 14:05:27', '2019-07-25 14:05:51', 'admin'),
(840, 66, '2019-07-25 15:39:46', '2019-07-25 16:51:56', 'internal_user'),
(841, 66, '2019-07-25 17:30:28', NULL, 'internal_user'),
(842, 2, '2019-07-26 10:37:33', '2019-07-26 10:37:35', 'admin'),
(843, 66, '2019-07-26 12:53:33', '2019-07-26 13:29:59', 'internal_user'),
(844, 66, '2019-07-26 13:32:36', NULL, 'internal_user'),
(845, 64, '2019-07-26 13:57:40', NULL, 'internal_user'),
(846, 66, '2019-07-26 14:16:19', '2019-07-26 14:56:34', 'internal_user'),
(847, 66, '2019-07-26 15:39:28', NULL, 'internal_user'),
(848, 2, '2019-07-26 19:17:07', '2019-07-26 20:23:49', 'admin'),
(849, 66, '2019-07-27 06:03:03', NULL, 'internal_user'),
(850, 2, '2019-07-27 10:16:41', '2019-07-27 10:17:28', 'admin'),
(851, 2, '2019-07-27 12:31:44', NULL, 'admin'),
(852, 2, '2019-07-27 12:48:57', NULL, 'admin'),
(853, 2, '2019-07-28 10:17:23', '2019-07-28 10:22:50', 'admin'),
(854, 66, '2019-07-28 14:51:06', NULL, 'internal_user'),
(855, 66, '2019-07-28 16:01:32', '2019-07-28 16:02:37', 'internal_user'),
(856, 2, '2019-07-28 16:02:41', '2019-07-28 16:04:24', 'admin'),
(857, 2, '2019-07-28 16:04:26', '2019-07-28 16:04:31', 'admin'),
(858, 66, '2019-07-28 16:04:43', '2019-07-28 16:10:09', 'internal_user'),
(859, 2, '2019-07-29 10:54:40', '2019-07-29 10:54:43', 'admin'),
(860, 64, '2019-07-29 11:20:21', '2019-07-29 11:45:51', 'internal_user'),
(861, 66, '2019-07-29 12:29:30', '2019-07-29 12:52:42', 'internal_user'),
(862, 2, '2019-07-29 12:41:26', NULL, 'admin'),
(863, 66, '2019-07-29 13:10:45', '2019-07-29 13:10:49', 'internal_user'),
(864, 66, '2019-07-29 14:15:57', NULL, 'internal_user'),
(865, 66, '2019-07-29 15:23:19', '2019-07-29 17:19:28', 'internal_user'),
(866, 2, '2019-07-29 17:00:05', '2019-07-29 17:35:14', 'admin'),
(867, 66, '2019-07-30 09:04:04', '2019-07-30 09:53:29', 'internal_user'),
(868, 66, '2019-07-30 10:06:15', '2019-07-30 10:31:16', 'internal_user'),
(869, 64, '2019-07-30 10:28:58', NULL, 'internal_user'),
(870, 66, '2019-07-30 10:31:18', '2019-07-30 12:23:52', 'internal_user'),
(871, 2, '2019-07-30 10:45:39', '2019-07-30 10:46:21', 'admin'),
(872, 64, '2019-07-30 10:46:23', '2019-07-30 12:53:45', 'internal_user'),
(873, 15, '2019-07-30 10:51:48', '2019-07-30 11:01:43', ''),
(874, 16, '2019-07-30 11:02:19', NULL, ''),
(875, 15, '2019-07-30 11:26:08', '2019-07-30 11:41:06', ''),
(876, 16, '2019-07-30 11:41:25', '2019-07-30 12:24:02', ''),
(877, 66, '2019-07-30 12:27:06', '2019-07-30 13:04:33', 'internal_user'),
(878, 2, '2019-07-30 12:55:07', '2019-07-30 12:55:40', 'admin'),
(879, 64, '2019-07-30 12:55:44', '2019-07-30 13:17:30', 'internal_user'),
(880, 66, '2019-07-30 13:04:38', '2019-07-30 13:42:36', 'internal_user'),
(881, 64, '2019-07-30 13:16:37', NULL, 'internal_user'),
(882, 2, '2019-07-30 13:17:34', NULL, 'admin'),
(883, 2, '2019-07-30 13:21:56', '2019-07-30 13:37:19', 'admin'),
(884, 66, '2019-07-30 14:02:32', '2019-07-30 14:03:09', 'internal_user'),
(885, 66, '2019-07-30 14:05:41', '2019-07-30 16:54:13', 'internal_user'),
(886, 15, '2019-07-30 15:48:55', '2019-07-30 15:53:16', ''),
(887, 64, '2019-07-31 10:20:10', '2019-07-31 10:24:53', 'internal_user'),
(888, 66, '2019-08-01 10:51:21', NULL, 'internal_user'),
(889, 2, '2019-08-01 11:00:33', NULL, 'admin'),
(890, 64, '2019-08-01 13:51:16', '2019-08-01 13:52:44', 'internal_user'),
(891, 2, '2019-08-01 16:47:03', '2019-08-01 16:47:36', 'admin'),
(892, 64, '2019-08-02 12:02:49', '2019-08-02 12:10:08', 'internal_user'),
(893, 2, '2019-08-02 12:52:00', NULL, 'admin'),
(894, 66, '2019-08-02 19:30:13', '2019-08-02 19:39:28', 'internal_user'),
(895, 66, '2019-08-03 08:10:39', '2019-08-03 10:58:46', 'internal_user'),
(896, 2, '2019-08-03 11:05:51', '2019-08-03 11:22:42', 'admin'),
(897, 66, '2019-08-03 11:07:39', '2019-08-03 11:14:40', 'internal_user'),
(898, 2, '2019-08-03 11:14:47', '2019-08-03 11:15:56', 'admin'),
(899, 66, '2019-08-03 11:16:01', NULL, 'internal_user'),
(900, 15, '2019-08-03 12:10:41', '2019-08-03 12:14:25', ''),
(901, 64, '2019-08-03 15:49:44', NULL, 'internal_user'),
(902, 66, '2019-08-03 17:52:49', NULL, 'internal_user'),
(903, 66, '2019-08-04 08:46:55', '2019-08-04 09:26:36', 'internal_user'),
(904, 66, '2019-08-04 09:29:51', '2019-08-04 10:07:58', 'internal_user'),
(905, 66, '2019-08-04 15:17:41', NULL, 'internal_user'),
(906, 66, '2019-08-05 10:33:44', '2019-08-05 11:03:04', 'internal_user'),
(907, 2, '2019-08-05 12:42:17', '2019-08-05 12:56:15', 'admin'),
(908, 66, '2019-08-05 16:43:12', '2019-08-05 16:44:07', 'internal_user'),
(909, 2, '2019-08-05 16:44:14', '2019-08-05 16:45:18', 'admin'),
(910, 66, '2019-08-05 16:45:35', '2019-08-05 17:33:31', 'internal_user'),
(911, 66, '2019-08-05 19:07:11', NULL, 'internal_user'),
(912, 66, '2019-08-05 22:22:32', '2019-08-05 22:24:14', 'internal_user'),
(913, 66, '2019-08-06 09:44:51', NULL, 'internal_user'),
(914, 2, '2019-08-06 10:24:42', '2019-08-06 10:24:48', 'admin'),
(915, 66, '2019-08-06 13:00:09', NULL, 'internal_user'),
(916, 64, '2019-08-06 14:39:19', '2019-08-06 14:39:58', 'internal_user'),
(917, 66, '2019-08-06 14:52:36', '2019-08-06 18:19:14', 'internal_user'),
(918, 64, '2019-08-06 15:59:21', '2019-08-06 15:59:33', 'internal_user'),
(919, 64, '2019-08-06 15:59:36', '2019-08-06 16:00:16', 'internal_user'),
(920, 19, '2019-08-06 17:20:04', '2019-08-06 17:45:04', ''),
(921, 66, '2019-08-06 18:23:33', '2019-08-06 18:55:06', 'internal_user'),
(922, 2, '2019-08-06 18:55:11', '2019-08-06 18:56:01', 'admin'),
(923, 66, '2019-08-06 18:56:09', '2019-08-06 19:51:02', 'internal_user'),
(924, 19, '2019-08-06 19:11:30', NULL, ''),
(925, 64, '2019-08-06 19:34:05', '2019-08-06 19:34:13', 'internal_user'),
(926, 69, '2019-08-07 05:22:27', '2019-08-07 05:23:22', 'internal_user'),
(927, 66, '2019-08-07 09:56:28', '2019-08-07 10:59:10', 'internal_user'),
(928, 64, '2019-08-07 10:16:02', '2019-08-07 10:16:10', 'internal_user'),
(929, 64, '2019-08-07 10:17:21', '2019-08-07 10:17:34', 'internal_user'),
(930, 64, '2019-08-07 10:17:36', NULL, 'internal_user'),
(931, 64, '2019-08-07 10:24:13', NULL, 'internal_user'),
(932, 66, '2019-08-07 11:21:21', '2019-08-07 11:35:36', 'internal_user'),
(933, 2, '2019-08-07 11:23:00', '2019-08-07 11:45:43', 'admin'),
(934, 64, '2019-08-07 12:09:13', '2019-08-07 12:10:40', 'internal_user'),
(935, 2, '2019-08-07 16:32:17', NULL, 'admin'),
(936, 2, '2019-08-07 17:04:36', '2019-08-07 17:11:41', 'admin'),
(937, 66, '2019-08-07 17:15:33', '2019-08-07 17:17:20', 'internal_user'),
(938, 66, '2019-08-08 08:10:33', '2019-08-08 09:09:32', 'internal_user'),
(939, 64, '2019-08-08 12:19:28', NULL, 'internal_user'),
(940, 66, '2019-08-08 16:20:23', '2019-08-08 18:41:28', 'internal_user'),
(941, 64, '2019-08-08 16:42:09', NULL, 'internal_user'),
(942, 64, '2019-08-08 18:09:40', '2019-08-08 18:10:10', 'internal_user'),
(943, 64, '2019-08-08 18:10:52', '2019-08-08 18:12:27', 'internal_user'),
(944, 64, '2019-08-08 18:16:39', '2019-08-08 18:37:37', 'internal_user'),
(945, 66, '2019-08-08 19:01:01', '2019-08-08 20:20:34', 'internal_user'),
(946, 66, '2019-08-09 08:09:45', NULL, 'internal_user'),
(947, 66, '2019-08-09 09:36:47', NULL, 'internal_user'),
(948, 64, '2019-08-09 10:15:26', '2019-08-09 10:15:31', 'internal_user'),
(949, 66, '2019-08-09 10:34:57', NULL, 'internal_user'),
(950, 66, '2019-08-09 14:56:15', '2019-08-09 16:20:15', 'internal_user'),
(951, 66, '2019-08-09 18:41:53', '2019-08-09 18:45:18', 'internal_user'),
(952, 66, '2019-08-10 08:43:42', NULL, 'internal_user'),
(953, 66, '2019-08-10 11:51:55', NULL, 'internal_user'),
(954, 69, '2019-08-11 07:12:15', '2019-08-11 07:13:31', 'internal_user'),
(955, 66, '2019-08-11 08:12:36', NULL, 'internal_user'),
(956, 66, '2019-08-11 10:30:58', '2019-08-11 11:02:47', 'internal_user'),
(957, 66, '2019-08-11 14:57:38', NULL, 'internal_user'),
(958, 66, '2019-08-11 15:42:46', NULL, 'internal_user'),
(959, 66, '2019-08-11 18:38:29', '2019-08-11 18:46:09', 'internal_user'),
(960, 64, '2019-08-12 10:33:59', '2019-08-12 10:34:07', 'internal_user'),
(961, 66, '2019-08-12 15:06:28', '2019-08-12 15:47:46', 'internal_user'),
(962, 64, '2019-08-12 15:14:13', '2019-08-12 15:14:38', 'internal_user'),
(963, 64, '2019-08-12 15:25:21', '2019-08-12 15:28:02', 'internal_user'),
(964, 64, '2019-08-12 15:45:44', NULL, 'internal_user'),
(965, 64, '2019-08-12 15:45:44', NULL, 'internal_user'),
(966, 64, '2019-08-12 15:47:58', '2019-08-12 16:24:53', 'internal_user'),
(967, 66, '2019-08-12 15:58:21', NULL, 'internal_user'),
(968, 66, '2019-08-12 16:26:10', NULL, 'internal_user'),
(969, 66, '2019-08-12 16:26:14', '2019-08-12 16:28:00', 'internal_user'),
(970, 64, '2019-08-12 16:28:13', '2019-08-12 16:30:20', 'internal_user'),
(971, 64, '2019-08-12 16:31:53', '2019-08-12 16:32:10', 'internal_user'),
(972, 66, '2019-08-12 16:37:02', '2019-08-12 16:38:59', 'internal_user'),
(973, 64, '2019-08-12 16:38:25', '2019-08-12 16:38:44', 'internal_user'),
(974, 64, '2019-08-12 16:38:47', '2019-08-12 16:39:03', 'internal_user'),
(975, 64, '2019-08-13 10:28:05', '2019-08-13 10:28:20', 'internal_user'),
(976, 66, '2019-08-13 13:07:06', NULL, 'internal_user'),
(977, 66, '2019-08-13 15:53:18', '2019-08-13 16:00:06', 'internal_user'),
(978, 66, '2019-08-15 10:51:23', NULL, 'internal_user'),
(979, 66, '2019-08-15 11:16:08', '2019-08-15 11:16:51', 'internal_user'),
(980, 66, '2019-08-15 11:17:57', '2019-08-15 11:36:11', 'internal_user'),
(981, 66, '2019-08-15 13:45:52', '2019-08-15 14:09:20', 'internal_user'),
(982, 66, '2019-08-15 14:09:37', NULL, 'internal_user'),
(983, 66, '2019-08-16 09:41:37', NULL, 'internal_user'),
(984, 64, '2019-08-16 09:57:01', '2019-08-16 09:57:09', 'internal_user'),
(985, 66, '2019-08-16 10:13:09', NULL, 'internal_user'),
(986, 64, '2019-08-16 10:14:57', NULL, 'internal_user'),
(987, 64, '2019-08-16 10:29:14', '2019-08-16 10:30:17', 'internal_user'),
(988, 64, '2019-08-16 10:33:27', '2019-08-16 10:40:02', 'internal_user'),
(989, 66, '2019-08-16 10:39:04', '2019-08-16 11:43:45', 'internal_user'),
(990, 66, '2019-08-16 14:00:59', NULL, 'internal_user'),
(991, 66, '2019-08-16 15:09:27', NULL, 'internal_user'),
(992, 66, '2019-08-16 15:39:55', '2019-08-16 15:51:30', 'internal_user'),
(993, 66, '2019-08-16 16:08:09', '2019-08-16 16:16:15', 'internal_user'),
(994, 66, '2019-08-16 17:34:11', '2019-08-16 18:38:34', 'internal_user'),
(995, 64, '2019-08-17 10:55:28', '2019-08-17 10:55:32', 'internal_user'),
(996, 66, '2019-08-18 10:54:37', '2019-08-18 12:10:04', 'internal_user'),
(997, 66, '2019-08-18 16:12:42', '2019-08-18 16:17:12', 'internal_user'),
(998, 64, '2019-08-19 10:21:30', '2019-08-19 10:21:40', 'internal_user'),
(999, 64, '2019-08-19 14:42:46', NULL, 'internal_user'),
(1000, 66, '2019-08-19 15:20:55', '2019-08-19 15:36:02', 'internal_user'),
(1001, 66, '2019-08-19 15:45:41', '2019-08-19 16:01:18', 'internal_user'),
(1002, 66, '2019-08-19 17:47:18', '2019-08-19 17:57:51', 'internal_user'),
(1003, 66, '2019-08-20 04:01:23', '2019-08-20 04:02:45', 'internal_user'),
(1004, 66, '2019-08-20 07:55:49', '2019-08-20 08:09:46', 'internal_user'),
(1005, 66, '2019-08-20 10:07:43', '2019-08-20 10:24:57', 'internal_user'),
(1006, 64, '2019-08-20 10:26:23', '2019-08-20 10:28:44', 'internal_user'),
(1007, 66, '2019-08-20 10:44:25', NULL, 'internal_user'),
(1008, 66, '2019-08-21 09:36:44', '2019-08-21 09:57:02', 'internal_user'),
(1009, 66, '2019-08-21 10:00:42', NULL, 'internal_user'),
(1010, 66, '2019-08-21 20:48:06', '2019-08-21 20:50:52', 'internal_user'),
(1011, 2, '2019-08-22 10:00:08', '2019-08-22 10:15:31', 'admin'),
(1012, 2, '2019-08-22 10:17:38', '2019-08-22 10:25:10', 'admin'),
(1013, 66, '2019-08-22 13:23:14', '2019-08-22 13:49:55', 'internal_user'),
(1014, 2, '2019-08-22 16:58:47', NULL, 'admin'),
(1015, 2, '2019-08-22 17:34:01', '2019-08-22 18:15:29', 'admin'),
(1016, 2, '2019-08-23 09:53:46', '2019-08-23 10:38:38', 'admin'),
(1017, 2, '2019-08-23 11:25:23', '2019-08-23 11:32:25', 'admin'),
(1018, 2, '2019-08-23 15:04:26', '2019-08-23 15:04:30', 'admin'),
(1019, 64, '2019-08-23 15:04:33', '2019-08-23 15:04:57', 'internal_user'),
(1020, 2, '2019-08-23 15:05:03', '2019-08-23 15:05:18', 'admin'),
(1021, 66, '2019-08-24 08:45:54', NULL, 'internal_user'),
(1022, 66, '2019-08-24 09:55:30', '2019-08-24 10:00:01', 'internal_user'),
(1023, 2, '2019-08-24 10:23:50', NULL, 'admin'),
(1024, 66, '2019-08-24 11:47:08', '2019-08-24 12:01:44', 'internal_user'),
(1025, 66, '2019-08-24 12:15:01', '2019-08-24 12:17:43', 'internal_user'),
(1026, 66, '2019-08-24 12:17:47', '2019-08-24 13:12:08', 'internal_user'),
(1027, 66, '2019-08-25 12:48:08', NULL, 'internal_user'),
(1028, 66, '2019-08-25 15:53:34', '2019-08-25 15:53:41', 'internal_user'),
(1029, 2, '2019-08-26 10:03:41', '2019-08-26 10:08:00', 'admin'),
(1030, 2, '2019-08-26 10:30:21', '2019-08-26 10:30:34', 'admin'),
(1031, 2, '2019-08-26 10:40:18', '2019-08-26 10:46:20', 'admin'),
(1032, 2, '2019-08-26 12:09:19', '2019-08-26 12:18:05', 'admin'),
(1033, 2, '2019-08-27 10:24:25', '2019-08-27 10:53:22', 'admin'),
(1034, 2, '2019-08-27 15:10:49', NULL, 'admin'),
(1035, 2, '2019-08-27 17:03:36', NULL, 'admin'),
(1036, 2, '2019-08-27 18:10:52', '2019-08-27 18:50:24', 'admin'),
(1037, 2, '2019-08-28 10:27:50', NULL, 'admin'),
(1038, 2, '2019-08-28 10:28:06', '2019-08-28 11:25:19', 'admin'),
(1039, 2, '2019-08-28 19:06:25', NULL, 'admin'),
(1040, 66, '2019-08-30 07:04:28', '2019-08-30 08:13:47', 'internal_user'),
(1041, 2, '2019-08-30 10:24:51', NULL, 'admin'),
(1042, 64, '2019-08-30 18:17:47', '2019-08-30 18:20:52', 'internal_user'),
(1043, 64, '2019-08-31 12:23:36', NULL, 'internal_user'),
(1044, 64, '2019-08-31 12:24:18', '2019-08-31 12:54:32', 'internal_user'),
(1045, 64, '2019-08-31 17:03:22', '2019-08-31 17:04:08', 'internal_user'),
(1046, 2, '2019-08-31 20:19:59', NULL, 'admin'),
(1047, 2, '2019-09-01 12:00:54', '2019-09-01 12:12:59', 'admin'),
(1048, 66, '2019-09-01 13:19:42', '2019-09-01 13:37:15', 'internal_user'),
(1049, 64, '2019-09-01 13:20:14', NULL, 'internal_user'),
(1050, 66, '2019-09-01 13:38:39', '2019-09-01 14:16:47', 'internal_user'),
(1051, 64, '2019-09-01 13:46:02', '2019-09-01 13:46:44', 'internal_user'),
(1052, 2, '2019-09-01 14:16:51', '2019-09-01 14:18:03', 'admin'),
(1053, 66, '2019-09-01 14:18:06', NULL, 'internal_user'),
(1054, 15, '2019-09-01 14:52:49', '2019-09-01 14:53:53', ''),
(1055, 66, '2019-09-02 09:50:20', NULL, 'internal_user'),
(1056, 66, '2019-09-02 11:34:33', NULL, 'internal_user'),
(1057, 66, '2019-09-02 18:15:59', NULL, 'internal_user'),
(1058, 66, '2019-09-02 19:52:54', '2019-09-02 19:53:42', 'internal_user'),
(1059, 66, '2019-09-03 13:16:08', '2019-09-03 13:52:55', 'internal_user'),
(1060, 66, '2019-09-03 15:01:10', '2019-09-03 15:54:03', 'internal_user'),
(1061, 66, '2019-09-03 16:10:05', '2019-09-03 16:23:44', 'internal_user'),
(1062, 2, '2019-09-04 10:01:16', '2019-09-04 10:11:01', 'admin'),
(1063, 64, '2019-09-04 10:43:32', '2019-09-04 10:57:08', 'internal_user'),
(1064, 66, '2019-09-04 12:13:23', '2019-09-04 12:13:36', 'internal_user'),
(1065, 64, '2019-09-04 15:07:49', '2019-09-04 15:08:05', 'internal_user'),
(1066, 66, '2019-09-05 08:25:01', NULL, 'internal_user'),
(1067, 66, '2019-09-05 09:30:32', '2019-09-05 10:16:52', 'internal_user'),
(1068, 2, '2019-09-05 10:25:36', '2019-09-05 11:15:50', 'admin'),
(1069, 66, '2019-09-05 12:03:11', '2019-09-05 12:56:19', 'internal_user'),
(1070, 66, '2019-09-05 13:05:17', '2019-09-05 13:11:28', 'internal_user'),
(1071, 64, '2019-09-05 13:11:30', NULL, 'internal_user'),
(1072, 2, '2019-09-05 13:13:27', '2019-09-05 13:13:33', 'admin'),
(1073, 64, '2019-09-05 13:13:36', NULL, 'internal_user'),
(1074, 66, '2019-09-05 13:42:16', '2019-09-05 14:06:57', 'internal_user'),
(1075, 64, '2019-09-05 14:08:14', '2019-09-05 14:12:06', 'internal_user'),
(1076, 64, '2019-09-05 14:12:25', NULL, 'internal_user'),
(1077, 66, '2019-09-05 14:28:32', NULL, 'internal_user'),
(1078, 64, '2019-09-05 14:50:13', '2019-09-05 14:58:29', 'internal_user'),
(1079, 66, '2019-09-05 15:14:21', '2019-09-05 15:45:45', 'internal_user'),
(1080, 66, '2019-09-05 15:45:53', '2019-09-05 16:25:21', 'internal_user'),
(1081, 64, '2019-09-05 16:15:00', NULL, 'internal_user'),
(1082, 66, '2019-09-05 16:25:26', '2019-09-05 16:42:10', 'internal_user'),
(1083, 66, '2019-09-05 16:46:48', '2019-09-05 16:48:07', 'internal_user'),
(1084, 66, '2019-09-05 16:50:33', '2019-09-05 17:03:28', 'internal_user'),
(1085, 64, '2019-09-05 17:16:05', '2019-09-05 17:54:24', 'internal_user'),
(1086, 66, '2019-09-05 17:18:06', '2019-09-05 18:15:49', 'internal_user'),
(1087, 66, '2019-09-05 18:19:06', NULL, 'internal_user'),
(1088, 66, '2019-09-05 19:26:11', '2019-09-05 19:28:41', 'internal_user'),
(1089, 66, '2019-09-05 20:15:19', '2019-09-05 20:16:36', 'internal_user'),
(1090, 66, '2019-09-06 06:02:04', '2019-09-06 06:07:18', 'internal_user'),
(1091, 66, '2019-09-06 07:41:53', NULL, 'internal_user'),
(1092, 66, '2019-09-06 08:59:59', NULL, 'internal_user'),
(1093, 2, '2019-09-06 09:48:46', '2019-09-06 10:01:07', 'admin'),
(1094, 19, '2019-09-06 09:53:01', NULL, ''),
(1095, 64, '2019-09-06 10:35:42', '2019-09-06 10:36:04', 'internal_user'),
(1096, 2, '2019-09-06 10:36:07', '2019-09-06 10:36:40', 'admin'),
(1097, 64, '2019-09-07 14:39:14', '2019-09-07 14:39:21', 'internal_user'),
(1098, 2, '2019-09-07 14:39:24', '2019-09-07 14:42:08', 'admin'),
(1099, 64, '2019-09-08 16:01:11', NULL, 'internal_user'),
(1100, 2, '2019-09-08 16:18:29', '2019-09-08 16:27:15', 'admin'),
(1101, 2, '2019-09-09 10:40:51', NULL, 'admin'),
(1102, 66, '2019-09-09 12:51:35', '2019-09-09 13:09:37', 'internal_user'),
(1103, 2, '2019-09-10 10:13:31', '2019-09-10 10:52:57', 'admin'),
(1104, 2, '2019-09-10 18:02:55', NULL, 'admin'),
(1105, 66, '2019-09-10 19:11:43', '2019-09-10 19:12:12', 'internal_user'),
(1106, 66, '2019-09-11 08:50:38', '2019-09-11 08:58:35', 'internal_user'),
(1107, 2, '2019-09-11 10:23:28', '2019-09-11 10:40:35', 'admin'),
(1108, 64, '2019-09-11 10:46:16', NULL, 'internal_user'),
(1109, 66, '2019-09-11 12:50:40', '2019-09-11 13:08:33', 'internal_user'),
(1110, 66, '2019-09-11 14:13:30', '2019-09-11 14:27:57', 'internal_user'),
(1111, 64, '2019-09-11 15:23:13', NULL, 'internal_user'),
(1112, 66, '2019-09-11 15:24:18', '2019-09-11 16:04:17', 'internal_user'),
(1113, 2, '2019-09-12 16:42:39', NULL, 'admin'),
(1114, 66, '2019-09-13 07:49:39', '2019-09-13 07:54:57', 'internal_user'),
(1115, 2, '2019-09-13 07:55:01', '2019-09-13 07:55:24', 'admin'),
(1116, 66, '2019-09-13 08:17:16', '2019-09-13 09:03:54', 'internal_user'),
(1117, 66, '2019-09-13 09:26:59', NULL, 'internal_user'),
(1118, 66, '2019-09-13 16:47:45', '2019-09-13 16:55:24', 'internal_user'),
(1119, 2, '2019-09-15 18:54:38', '2019-09-15 19:55:24', 'admin'),
(1120, 2, '2019-09-16 10:26:19', '2019-09-16 10:46:16', 'admin'),
(1121, 2, '2019-09-16 10:47:08', '2019-09-16 11:11:22', 'admin'),
(1122, 66, '2019-09-17 05:55:06', '2019-09-17 06:30:11', 'internal_user'),
(1123, 66, '2019-09-17 08:23:53', '2019-09-17 09:00:52', 'internal_user'),
(1124, 66, '2019-09-17 09:01:08', '2019-09-17 09:36:31', 'internal_user'),
(1125, 2, '2019-09-17 09:36:35', '2019-09-17 09:37:41', 'admin'),
(1126, 66, '2019-09-17 09:37:45', '2019-09-17 10:01:10', 'internal_user'),
(1127, 19, '2019-09-17 09:40:21', '2019-09-17 09:41:53', ''),
(1128, 2, '2019-09-17 10:04:08', '2019-09-17 11:31:29', 'admin'),
(1129, 66, '2019-09-18 09:12:26', '2019-09-18 09:14:14', 'internal_user'),
(1130, 2, '2019-09-18 09:58:44', '2019-09-18 10:13:48', 'admin'),
(1131, 66, '2019-09-18 10:07:33', '2019-09-18 11:35:41', 'internal_user'),
(1132, 66, '2019-09-18 13:37:52', '2019-09-18 13:38:27', 'internal_user'),
(1133, 2, '2019-09-18 13:38:31', '2019-09-18 13:38:52', 'admin'),
(1134, 69, '2019-09-18 13:38:55', '2019-09-18 13:42:28', 'internal_user'),
(1135, 66, '2019-09-18 13:42:32', '2019-09-18 15:34:30', 'internal_user'),
(1136, 66, '2019-09-18 19:56:03', '2019-09-18 19:56:20', 'internal_user'),
(1137, 66, '2019-09-18 20:15:52', '2019-09-18 20:17:35', 'internal_user'),
(1138, 66, '2019-09-18 20:17:39', '2019-09-18 21:29:47', 'internal_user'),
(1139, 66, '2019-09-19 08:20:43', '2019-09-19 08:27:28', 'internal_user'),
(1140, 2, '2019-09-19 10:36:25', NULL, 'admin'),
(1141, 64, '2019-09-19 20:54:17', '2019-09-19 21:16:06', 'internal_user'),
(1142, 66, '2019-09-20 05:58:45', '2019-09-20 05:59:31', 'internal_user'),
(1143, 2, '2019-09-20 09:55:37', '2019-09-20 09:55:45', 'admin'),
(1144, 66, '2019-09-20 11:57:43', '2019-09-20 12:01:49', 'internal_user'),
(1145, 2, '2019-09-21 10:04:57', NULL, 'admin'),
(1146, 2, '2019-09-22 20:11:10', '2019-09-22 20:35:44', 'admin'),
(1147, 2, '2019-09-23 10:03:09', '2019-09-23 10:05:24', 'admin'),
(1148, 66, '2019-09-24 14:56:14', NULL, 'internal_user'),
(1149, 2, '2019-09-25 10:52:17', NULL, 'admin'),
(1150, 2, '2019-09-25 10:52:17', NULL, 'admin'),
(1151, 2, '2019-09-26 10:13:23', '2019-09-26 10:22:27', 'admin'),
(1152, 2, '2019-09-26 10:22:29', '2019-09-26 10:22:49', 'admin'),
(1153, 2, '2019-09-26 10:24:08', '2019-09-26 10:47:19', 'admin'),
(1154, 64, '2019-09-26 11:56:14', '2019-09-26 11:56:17', 'internal_user'),
(1155, 2, '2019-09-26 11:56:19', '2019-09-26 11:57:21', 'admin'),
(1156, 64, '2019-09-26 11:57:41', '2019-09-26 11:58:25', 'internal_user'),
(1157, 2, '2019-09-27 09:52:14', '2019-09-27 10:01:10', 'admin'),
(1158, 66, '2019-09-27 10:54:20', '2019-09-27 11:14:53', 'internal_user'),
(1159, 2, '2019-09-28 15:43:46', '2019-09-28 15:45:47', 'admin'),
(1160, 66, '2019-09-29 15:47:10', '2019-09-29 15:48:35', 'internal_user'),
(1161, 2, '2019-09-30 10:15:21', '2019-09-30 10:56:57', 'admin'),
(1162, 2, '2019-10-01 10:35:02', '2019-10-01 10:43:08', 'admin'),
(1163, 2, '2019-10-02 08:32:20', '2019-10-02 08:36:50', 'admin'),
(1164, 66, '2019-10-03 15:30:46', '2019-10-03 15:39:04', 'internal_user'),
(1165, 2, '2019-10-04 12:07:58', NULL, 'admin'),
(1166, 2, '2019-10-04 12:07:58', '2019-10-04 12:30:47', 'admin'),
(1167, 64, '2019-10-08 16:08:21', '2019-10-08 16:09:00', 'internal_user'),
(1168, 2, '2019-10-09 09:54:15', '2019-10-09 10:20:19', 'admin'),
(1169, 66, '2019-10-09 10:15:43', '2019-10-09 11:04:43', 'internal_user'),
(1170, 66, '2019-10-10 08:45:36', '2019-10-10 10:33:23', 'internal_user'),
(1171, 2, '2019-10-10 10:01:49', NULL, 'admin'),
(1172, 66, '2019-10-10 10:42:04', '2019-10-10 11:53:15', 'internal_user'),
(1173, 64, '2019-10-10 11:29:53', '2019-10-10 12:18:37', 'internal_user'),
(1174, 66, '2019-10-10 11:52:41', '2019-10-10 14:10:09', 'internal_user'),
(1175, 66, '2019-10-10 14:15:55', '2019-10-10 14:16:08', 'internal_user'),
(1176, 66, '2019-10-10 14:18:06', '2019-10-11 06:33:53', 'internal_user'),
(1177, 15, '2019-10-10 14:51:06', '2019-10-10 14:54:25', ''),
(1178, 2, '2019-10-11 10:12:57', '2019-10-11 10:59:06', 'admin'),
(1179, 66, '2019-10-12 11:45:44', '2019-10-12 13:47:53', 'internal_user'),
(1180, 2, '2019-10-12 15:51:18', '2019-10-12 15:58:16', 'admin'),
(1181, 2, '2019-10-14 11:07:54', NULL, 'admin'),
(1182, 64, '2019-10-14 12:58:09', '2019-10-14 14:53:48', 'internal_user'),
(1183, 2, '2019-10-15 12:47:22', '2019-10-15 12:51:52', 'admin'),
(1184, 66, '2019-10-15 13:49:01', '2019-10-15 14:07:37', 'internal_user'),
(1185, 2, '2019-10-16 11:27:45', NULL, 'admin'),
(1186, 2, '2019-10-17 11:55:58', NULL, 'admin'),
(1187, 66, '2019-10-18 14:03:19', '2019-10-18 14:06:41', 'internal_user'),
(1188, 2, '2019-10-19 15:29:33', NULL, 'admin'),
(1189, 2, '2019-10-19 15:29:34', NULL, 'admin'),
(1190, 2, '2019-10-19 15:29:34', '2019-10-19 15:41:23', 'admin'),
(1191, 2, '2019-10-21 11:03:34', '2019-10-21 11:11:41', 'admin'),
(1192, 66, '2019-10-21 16:18:14', '2019-10-21 16:34:33', 'internal_user'),
(1193, 2, '2019-10-22 10:13:08', '2019-10-22 10:26:48', 'admin'),
(1194, 66, '2019-10-23 08:01:30', '2019-10-23 08:14:01', 'internal_user'),
(1195, 2, '2019-10-23 09:50:42', '2019-10-23 09:59:58', 'admin'),
(1196, 66, '2019-10-23 10:26:50', '2019-10-23 10:47:08', 'internal_user'),
(1197, 2, '2019-10-24 09:51:37', '2019-10-24 09:57:47', 'admin'),
(1198, 2, '2019-10-24 15:24:19', '2019-10-24 15:25:09', 'admin'),
(1199, 64, '2019-10-24 15:24:32', '2019-10-24 15:25:09', 'internal_user'),
(1200, 2, '2019-10-24 15:27:24', '2019-10-24 15:54:46', 'admin'),
(1201, 2, '2019-10-24 15:30:42', '2019-10-24 15:36:07', 'admin'),
(1202, 2, '2019-10-24 16:19:27', '2019-10-24 16:19:48', 'admin'),
(1203, 64, '2019-10-24 16:19:50', '2019-10-24 16:31:32', 'internal_user'),
(1204, 2, '2019-10-24 16:35:49', '2019-10-24 16:37:57', 'admin'),
(1205, 64, '2019-10-25 10:13:43', '2019-10-25 10:13:46', 'internal_user'),
(1206, 2, '2019-10-25 10:13:48', '2019-10-25 10:21:33', 'admin'),
(1207, 2, '2019-10-28 10:38:56', '2019-10-28 11:03:50', 'admin'),
(1208, 66, '2019-10-29 06:34:05', '2019-10-29 06:53:50', 'internal_user'),
(1209, 66, '2019-10-29 06:51:18', NULL, 'internal_user'),
(1210, 66, '2019-10-29 09:10:40', '2019-10-29 09:40:03', 'internal_user'),
(1211, 2, '2019-10-29 10:09:09', '2019-10-29 10:15:16', 'admin'),
(1212, 2, '2019-10-30 10:27:11', '2019-10-30 10:31:41', 'admin'),
(1213, 66, '2019-10-30 15:27:14', '2019-10-30 15:40:11', 'internal_user'),
(1214, 2, '2019-10-30 15:40:27', '2019-10-30 15:40:58', 'admin'),
(1215, 66, '2019-10-30 15:41:02', '2019-10-30 15:42:46', 'internal_user'),
(1216, 2, '2019-10-30 15:43:13', '2019-10-30 15:43:33', 'admin'),
(1217, 66, '2019-10-30 15:43:37', NULL, 'internal_user'),
(1218, 66, '2019-10-30 15:51:10', '2019-10-30 15:59:16', 'internal_user'),
(1219, 64, '2019-10-30 15:59:22', NULL, 'internal_user'),
(1220, 64, '2019-10-31 09:58:37', NULL, 'internal_user'),
(1221, 64, '2019-10-31 16:48:26', '2019-10-31 16:50:41', 'internal_user'),
(1222, 2, '2019-10-31 16:51:14', '2019-10-31 16:51:47', 'admin'),
(1223, 64, '2019-10-31 16:51:51', NULL, 'internal_user'),
(1224, 64, '2019-11-01 12:39:08', '2019-11-15 13:26:53', 'internal_user'),
(1225, 64, '2019-11-01 13:49:29', '2019-11-01 13:49:46', 'internal_user'),
(1226, 64, '2019-11-01 14:29:58', '2019-11-01 14:30:07', 'internal_user'),
(1227, 64, '2019-11-01 17:12:37', '2019-11-01 17:37:14', 'internal_user'),
(1228, 64, '2019-11-04 10:02:45', NULL, 'internal_user'),
(1229, 64, '2019-11-04 12:44:55', NULL, 'internal_user'),
(1230, 64, '2019-11-04 14:15:10', NULL, 'internal_user'),
(1231, 64, '2019-11-04 17:06:41', NULL, 'internal_user'),
(1232, 64, '2019-11-04 17:47:53', NULL, 'internal_user'),
(1233, 64, '2019-11-05 10:59:43', NULL, 'internal_user'),
(1234, 64, '2019-11-05 12:34:52', NULL, 'internal_user'),
(1235, 64, '2019-11-05 13:16:25', NULL, 'internal_user'),
(1236, 64, '2019-11-05 14:14:39', NULL, 'internal_user'),
(1237, 64, '2019-11-05 17:54:31', '2019-11-05 18:02:59', 'internal_user'),
(1238, 64, '2019-11-06 09:59:56', NULL, 'internal_user'),
(1239, 64, '2019-11-06 11:39:01', NULL, 'internal_user'),
(1240, 64, '2019-11-06 20:39:58', NULL, 'internal_user'),
(1241, 64, '2019-11-06 22:34:17', NULL, 'internal_user'),
(1242, 64, '2019-11-08 10:51:41', NULL, 'internal_user'),
(1243, 64, '2019-11-08 12:50:19', NULL, 'internal_user'),
(1244, 64, '2019-11-08 15:02:52', NULL, 'internal_user'),
(1245, 64, '2019-11-11 12:01:49', NULL, 'internal_user'),
(1246, 64, '2019-11-14 15:55:34', NULL, 'internal_user'),
(1247, 64, '2019-11-15 12:53:10', NULL, 'internal_user'),
(1248, 64, '2019-11-15 13:30:12', '2019-11-15 13:31:54', 'internal_user'),
(1249, 64, '2019-11-15 13:35:32', NULL, 'internal_user'),
(1250, 64, '2019-11-15 14:14:41', '2019-11-15 14:18:22', 'internal_user'),
(1251, 64, '2019-11-15 14:18:29', NULL, 'internal_user'),
(1252, 64, '2019-11-15 21:52:16', NULL, 'internal_user'),
(1253, 64, '2019-11-18 16:30:57', '2019-11-18 16:31:08', 'internal_user'),
(1254, 64, '2020-01-10 15:30:20', NULL, 'internal_user'),
(1255, 64, '2020-01-10 22:58:31', NULL, 'internal_user'),
(1256, 64, '2020-01-11 11:03:10', NULL, 'internal_user'),
(1257, 64, '2020-01-11 13:52:14', NULL, 'internal_user'),
(1258, 64, '2020-01-12 08:31:37', NULL, 'internal_user'),
(1259, 64, '2020-01-12 09:51:21', NULL, 'internal_user'),
(1260, 64, '2020-01-12 11:53:05', NULL, 'internal_user'),
(1261, 64, '2020-01-12 13:00:48', '2020-01-12 13:01:40', 'internal_user'),
(1262, 64, '2020-01-12 13:01:51', '2020-01-12 13:02:18', 'internal_user'),
(1263, 64, '2020-01-13 09:27:12', NULL, 'internal_user'),
(1264, 64, '2020-01-13 10:40:58', NULL, 'internal_user'),
(1265, 64, '2020-01-13 13:20:24', NULL, 'internal_user'),
(1266, 64, '2020-01-13 22:26:06', NULL, 'internal_user'),
(1267, 64, '2020-01-13 23:11:42', '2020-01-14 01:37:42', 'internal_user'),
(1268, 64, '2020-01-14 12:02:29', NULL, 'internal_user'),
(1269, 64, '2020-01-14 13:14:48', NULL, 'internal_user'),
(1270, 64, '2020-01-14 15:54:43', '2020-01-14 16:44:03', 'internal_user'),
(1271, 64, '2020-01-14 16:44:11', NULL, 'internal_user'),
(1272, 64, '2020-01-14 18:29:10', NULL, 'internal_user'),
(1273, 64, '2020-01-14 18:51:34', NULL, 'internal_user'),
(1274, 64, '2020-01-14 22:21:31', NULL, 'internal_user'),
(1275, 64, '2020-01-14 22:48:24', '2020-01-14 23:23:43', 'internal_user'),
(1276, 64, '2020-01-15 15:44:18', NULL, 'internal_user'),
(1277, 64, '2020-01-16 10:27:07', '2020-01-16 13:19:26', 'internal_user'),
(1278, 64, '2020-01-16 15:59:31', '2020-01-16 17:16:08', 'internal_user'),
(1279, 64, '2020-01-17 21:13:56', '2020-01-17 21:16:26', 'internal_user'),
(1280, 64, '2020-01-17 23:14:02', '2020-01-17 23:41:35', 'internal_user'),
(1281, 64, '2020-01-18 19:36:11', NULL, 'internal_user'),
(1282, 64, '2020-01-18 22:36:29', NULL, 'internal_user'),
(1283, 64, '2020-01-19 10:40:08', NULL, 'internal_user'),
(1284, 64, '2020-01-19 15:37:29', NULL, 'internal_user'),
(1285, 64, '2020-01-19 18:38:12', NULL, 'internal_user'),
(1286, 64, '2020-01-19 19:41:09', NULL, 'internal_user'),
(1287, 64, '2020-01-19 20:17:52', NULL, 'internal_user'),
(1288, 64, '2020-01-19 23:41:02', NULL, 'internal_user'),
(1289, 64, '2020-01-21 09:15:59', '2020-01-21 12:15:44', 'internal_user'),
(1290, 64, '2020-01-21 12:15:50', '2020-01-21 12:16:34', 'internal_user'),
(1291, 64, '2020-01-21 12:17:34', '2020-01-21 12:18:11', 'internal_user'),
(1292, 64, '2020-01-21 12:18:18', '2020-01-21 12:21:03', 'internal_user'),
(1293, 64, '2020-01-21 12:21:12', '2020-01-21 12:21:51', 'internal_user'),
(1294, 64, '2020-01-21 12:22:01', NULL, 'internal_user'),
(1295, 64, '2020-01-21 16:15:10', NULL, 'internal_user'),
(1296, 64, '2020-01-25 18:14:24', '2020-01-25 18:15:14', 'internal_user'),
(1297, 64, '2020-01-31 12:31:15', '2020-01-31 12:38:07', 'internal_user'),
(1298, 64, '2020-01-31 12:38:35', '2020-01-31 14:07:37', 'internal_user'),
(1299, 64, '2020-02-02 11:14:20', NULL, 'internal_user'),
(1300, 64, '2020-02-02 12:19:01', NULL, 'internal_user'),
(1301, 64, '2020-02-04 15:03:46', NULL, 'internal_user'),
(1302, 64, '2020-02-04 16:42:29', NULL, 'internal_user');

-- --------------------------------------------------------

--
-- Table structure for table `admin`
--

CREATE TABLE `admin` (
  `id` int(10) NOT NULL,
  `username` varchar(50) NOT NULL,
  `emailid` varchar(50) NOT NULL,
  `password` varchar(50) NOT NULL,
  `usertype` varchar(50) NOT NULL
) ENGINE=InnoDB DEFAULT CHARSET=utf8mb4;

--
-- Dumping data for table `admin`
--

INSERT INTO `admin` (`id`, `username`, `emailid`, `password`, `usertype`) VALUES
(1, 'admin', 'deepaknautiyal52@gmail.com', 'deepak@1234', 'superadmin');

-- --------------------------------------------------------

--
-- Table structure for table `audio`
--

CREATE TABLE `audio` (
  `audioid` int(10) NOT NULL,
  `audiocategoryid` int(10) NOT NULL,
  `audioname` text NOT NULL,
  `audioimage` varchar(50) NOT NULL,
  `audiodescription` text NOT NULL,
  `price` varchar(50) NOT NULL,
  `audioiframe` text NOT NULL,
  `videoduration` varchar(50) NOT NULL
) ENGINE=InnoDB DEFAULT CHARSET=utf8mb4;

--
-- Dumping data for table `audio`
--

INSERT INTO `audio` (`audioid`, `audiocategoryid`, `audioname`, `audioimage`, `audiodescription`, `price`, `audioiframe`, `videoduration`) VALUES
(1, 1, 'Bin tere', 'bintere.jpeg', 'Wo lamhe by mahesh bhatt', '', '', '1605817800'),
(2, 1, 'kun aajkal', 'kunaajkal.jpeg', 'Wo lamhe by mahesh bhatt', '', '', '1605817800'),
(5, 2, 'IPL T20', 'IPL.png', 'Organised by BCCI', '', '', '1605817800'),
(6, 2, 'Women T20 2020', 'woment20.jpeg', 'Women T20 2020', '', '', '1605817800'),
(7, 3, 'National news', 'nationalnews.jpg', 'National news', '', '', '1605817800'),
(8, 3, 'International news', 'InternationalNews.jpg', 'International news', '', '', '1605817800'),
(9, 4, 'Bollywood Movies', 'bollywoodmovies.jpg', 'Bollywood Movies', '', '', '1605817800'),
(10, 4, 'Hollywood movies', 'Hollywoodmovies.jpg', 'Hollywood movies', '', '', '1605817800'),
(11, 1, 'tune jo na kha', 'tune.jpg', 'tune jo na kha', '', '', '1605817800'),
(12, 1, 'hai junoon', 'haijunoon.jpg', 'hai junoon', '', '', '1605817800'),
(13, 1, 'do u know what it feels like', 'doyou.jpg', 'do u know what it feels like by enrique with lyrics on screen\r\n\r\n', '', '', '1605817800'),
(14, 1, 'Five, Queen - We Will Rock You (Official Video)', 'wewill.jpg', 'Five, Queen - We Will Rock You (Official Video)\r\n\r\n', '', '', ''),
(15, 1, 'La isla bonita', 'laisla.jpg', 'Alizée - La Isla Bonita 🌹❤', '', '', ''),
(16, 1, 'Blue - One Love', 'onelove.png', 'Blue - One Love', '', '', ''),
(17, 2, 'CPL', 'cpl.jpg', 'CPL', '', '', ''),
(18, 2, 'ipl 2020', 'ipl.png', 'ipl 2020', '', '', '1605817801'),
(19, 2, 'wimbledon 2020', 'wimblondon.jpg', 'wimbledon 2020', '', '', ''),
(20, 2, 'Frenchopen', 'frenchopen.jpg', 'Frenchopen', '', '', ''),
(21, 2, 'f1 2020', 'f1.jpg', 'f1 2020\r\n', '', '', ''),
(22, 2, 'womens\'s T20 Challenge', 'womens-t20.jpg', 'womens\'s T20 Challenge', '', '', ''),
(23, 3, 'International News', 'internationalnews.png', 'International News', '', '', ''),
(24, 3, 'National News', 'national.jpg', 'National News', '', '', ''),
(25, 3, 'Sports News Today With CNN News18; Athletics | Cricket | Hockey | Badminton (August 19 2019)', 'nationalsports.jpg', 'Sports News Today With CNN News18; Athletics | Cricket | Hockey | Badminton (August 19 2019)', '', '', ''),
(26, 3, 'Latest Sports News World | IND-AUS Series | ISL 2020 | Football Premier League | Sports Today', 'internationalnewssports.jpg', 'Latest Sports News World | IND-AUS Series | ISL 2020 | Football Premier League | Sports Today', '', '', ''),
(27, 3, 'Mass protests in Poland against law banning almost all abortions - BBC News', 'mqdefault_6s(1).webp', 'Mass protests in Poland against law banning almost all abortions - BBC News', '', '', ''),
(28, 3, 'BJP Dubs Owaisi\'s Opposition To Love Jihad Law As Poll Gimmick Ahead Of Hyderabad Civic Polls.', 'mqdefault_6s.webp', 'BJP Dubs Owaisi\'s Opposition To Love Jihad Law As Poll Gimmick Ahead Of Hyderabad Civic Polls.', '', '', ''),
(29, 4, 'Avengers Endgame Final Battle Full Scene1080p | avengers endgame final battle full scene hd', 'advenger.webp', 'Avengers Endgame Final Battle Full Scene1080p | avengers endgame final battle full scene hd', '', '', ''),
(30, 4, 'The Godfather – Orchestral Suite // The Danish National Symphony Orchestra (Live).', 'thegodfather.webp', 'The Godfather – Orchestral Suite // The Danish National Symphony Orchestra (Live).', '', '', ''),
(31, 4, 'Enemy At The Gates', 'enemyatthegate.webp', 'Enemy At The Gates', '', '', ''),
(32, 4, 'Loan Survivor', 'loansurvivor.webp', 'Loan Survivor', '', '', ''),
(33, 4, 'LAKSHYA 1080p HD FULL Movie | AMITABH BACHCHAN | HRITHIK ROSHAN', 'lakshay.webp', 'LAKSHYA 1080p HD FULL Movie | AMITABH BACHCHAN | HRITHIK ROSHAN', '', '', ''),
(34, 4, 'URI | Official Trailer | Vicky Kaushal, Yami Gautam, Paresh Rawal | Aditya Dhar | 11th Jan 2019', 'uri.webp', 'URI | Official Trailer | Vicky Kaushal, Yami Gautam, Paresh Rawal | Aditya Dhar | 11th Jan 2019', '', '', ''),
(35, 5, 'COMMENT PROPHETISER ', 'yellowsmall.png', 'COMMENT PROPHETISER POUR ACTIVER VOTRE POTENTIEL.', '35', '', ''),
(36, 5, 'COMMENT PRIER ', 'redsmall.png', 'COMMENT PRIER, POUR OBTENIR UNE PROTECTION MAXIMALE', '40', '', ''),
(37, 5, 'COMMENT ACTIVER ', 'greensmall.png', 'COMMENT ACTIVER LE POUVOIR DE L AUTO-MOTIVATIO', '40', '', ''),
(38, 5, 'NE POUR COMBATTRE', 'blacksmall.png', 'NE POUR COMBATTRE LE DIABLE', '28', '', ''),
(39, 5, 'LES MAUVIES ', 'whitesmall.png', 'LES MAUVIES REVES COMMENT LES BRISER', '28', '', ''),
(40, 5, 'UN JOUR POU', 'bluesmall.png', 'UN JOUR POUR TOUCHER LE CEUR DE DIEU', '27', '<iframe width=\\\"661\\\" height=\\\"372\\\" src=\\\"https://www.youtube.com/embed/pAp_fOjaSck\\\" frameborder=\\\"0\\\" allow=\\\"accelerometer; autoplay; clipboard-write; encrypted-media; gyroscope; picture-in-picture\\\" allowfullscreen></iframe>', '');

-- --------------------------------------------------------

--
-- Table structure for table `audiocategory`
--

CREATE TABLE `audiocategory` (
  `audiocategoryid` int(10) NOT NULL,
  `audiocategoryname` varchar(50) NOT NULL
) ENGINE=InnoDB DEFAULT CHARSET=utf8mb4;

--
-- Dumping data for table `audiocategory`
--

INSERT INTO `audiocategory` (`audiocategoryid`, `audiocategoryname`) VALUES
(1, 'Music'),
(2, 'Sports'),
(3, 'News'),
(4, 'Movies'),
(5, 'Books');

-- --------------------------------------------------------

--
-- Table structure for table `category`
--

CREATE TABLE `category` (
  `category_id` int(11) NOT NULL,
  `category_name` varchar(200) DEFAULT NULL,
  `category_image` varchar(200) DEFAULT NULL,
  `category_order` varchar(50) DEFAULT NULL,
  `category_description` longtext
) ENGINE=MyISAM DEFAULT CHARSET=latin1;

--
-- Dumping data for table `category`
--

INSERT INTO `category` (`category_id`, `category_name`, `category_image`, `category_order`, `category_description`) VALUES
(2, 'BEST SELLING GIFTS', 'f1.jpg', '1', '<p>\r\n	BEST SELLING GIFTS</p>\r\n'),
(3, 'FLOWER BOUQUETS', 'Wine-as-gift.jpg', '2', '<p>\r\n	FLOWER BOUQUETS</p>\r\n'),
(4, 'WINES', 'Wine-as-gift.jpg', '4', '<p>\r\n	WINES</p>\r\n'),
(6, 'CARDS TO ADD', 'Wine-as-gift.jpg', '1', '<p>\r\n	CARDS TO ADD</p>\r\n'),
(7, 'PACKAGING', 'Wine-as-gift.jpg', '', '<p>\r\n	PACKAGING</p>\r\n');

-- --------------------------------------------------------

--
-- Table structure for table `country`
--

CREATE TABLE `country` (
  `countryid` int(50) NOT NULL,
  `audioid` int(20) NOT NULL,
  `countryname` varchar(100) NOT NULL,
  `shipping` varchar(50) NOT NULL
) ENGINE=MyISAM DEFAULT CHARSET=latin1;

--
-- Dumping data for table `country`
--

INSERT INTO `country` (`countryid`, `audioid`, `countryname`, `shipping`) VALUES
(1, 0, 'Canada', '7'),
(2, 0, 'USA', '11'),
(3, 0, 'France', '23'),
(4, 0, 'other country of Europe', '23'),
(5, 0, 'All Over Africa', '23'),
(6, 0, 'China', '35'),
(7, 0, 'South Korea', '35'),
(8, 0, 'Mauritania', '35'),
(9, 0, 'south Africa', '35'),
(10, 0, 'French Guiana', '23'),
(11, 0, 'the Martinique', '23'),
(12, 0, 'Guadeloupe', '23'),
(13, 0, 'Australia', '23'),
(14, 0, 'Belgium', '23'),
(15, 0, 'Mauritius', '30'),
(16, 0, 'India', '35'),
(17, 0, 'Brasilia', '35'),
(18, 0, 'Spain', '23'),
(19, 0, 'Italia', '23'),
(20, 0, 'London', '23'),
(21, 0, 'Other west indies countries', '23'),
(22, 12, 'chiku', '2');

--
-- Triggers `country`
--
DELIMITER $$
CREATE TRIGGER `te` BEFORE INSERT ON `country` FOR EACH ROW SET new.audioid = 12
$$
DELIMITER ;

-- --------------------------------------------------------

--
-- Table structure for table `countryone`
--

CREATE TABLE `countryone` (
  `cid` int(50) NOT NULL,
  `aid` int(20) NOT NULL,
  `cname` varchar(100) NOT NULL,
  `pr` varchar(50) NOT NULL
) ENGINE=MyISAM DEFAULT CHARSET=latin1;

--
-- Dumping data for table `countryone`
--

INSERT INTO `countryone` (`cid`, `aid`, `cname`, `pr`) VALUES
(1, 0, 'Canada', '10'),
(2, 0, 'USA', '15'),
(3, 0, 'France', '23'),
(4, 0, 'other country of Europe', '23'),
(5, 0, 'All Over Africa', '23'),
(6, 0, 'China', '35'),
(7, 0, 'South Korea', '35'),
(8, 0, 'Mauritania', '35'),
(9, 0, 'south Africa', '35'),
(10, 0, 'French Guiana', '23'),
(11, 0, 'the Martinique', '23'),
(12, 0, 'Guadeloupe', '23'),
(13, 0, 'Australia', '23'),
(14, 0, 'Belgium ', ''),
(15, 0, 'Mauritius', '30'),
(16, 0, 'India', '35'),
(17, 0, 'Brasilia', '35'),
(18, 0, 'Spain', '23'),
(19, 0, 'Italia', '23'),
(20, 0, 'London', '23'),
(21, 0, 'Other west indies countries', '23');

-- --------------------------------------------------------

--
-- Table structure for table `live`
--

CREATE TABLE `live` (
  `liveid` int(10) NOT NULL,
  `livecategoryid` int(10) NOT NULL,
  `livename` varchar(50) NOT NULL,
  `liveimage` varchar(50) NOT NULL,
  `livedescription` text NOT NULL,
  `liveiframe` text NOT NULL
) ENGINE=InnoDB DEFAULT CHARSET=utf8mb4;

--
-- Dumping data for table `live`
--

INSERT INTO `live` (`liveid`, `livecategoryid`, `livename`, `liveimage`, `livedescription`, `liveiframe`) VALUES
(1, 1, 'Tapon Radio', '22.jpg', 'Tapon Radio', '<iframe src=\"http://embed.cdn01.net/player.php?width=500&height=250&skinColor=000000&autoPlay=0&tvButtonID=lightcast&id=26512&type=live\" frameborder=\"0\" width=\"500\" height=\"250\" allowfullscreen></iframe>'),
(2, 1, 'Tapon Radio', '22.jpg', 'Tapon Radio', '<iframe src=\"http://embed.cdn01.net/player.php?width=500&height=250&skinColor=000000&autoPlay=0&tvButtonID=lightcast&id=26512&type=live\" frameborder=\"0\" width=\"500\" height=\"250\" allowfullscreen></iframe>'),
(3, 2, 'Tapon Radio', '22.jpg', 'Tapon Radio', '<iframe src=\"http://embed.cdn01.net/player.php?width=500&height=250&skinColor=000000&autoPlay=0&tvButtonID=lightcast&id=26512&type=live\" frameborder=\"0\" width=\"500\" height=\"250\" allowfullscreen></iframe>'),
(4, 2, 'Tapon Radio', '22.jpg', 'Tapon Radio', '<iframe src=\"http://embed.cdn01.net/player.php?width=500&height=250&skinColor=000000&autoPlay=0&tvButtonID=lightcast&id=26512&type=live\" frameborder=\"0\" width=\"500\" height=\"250\" allowfullscreen></iframe>');

-- --------------------------------------------------------

--
-- Table structure for table `livecategory`
--

CREATE TABLE `livecategory` (
  `livecategoryid` int(10) NOT NULL,
  `livecategoryname` varchar(50) NOT NULL
) ENGINE=InnoDB DEFAULT CHARSET=utf8mb4;

--
-- Dumping data for table `livecategory`
--

INSERT INTO `livecategory` (`livecategoryid`, `livecategoryname`) VALUES
(1, 'CHANNELONE'),
(2, 'CHANNELTWO');

-- --------------------------------------------------------

--
-- Table structure for table `login`
--

CREATE TABLE `login` (
  `LOGINID` int(11) NOT NULL,
  `CONTACT_PERSON` varchar(500) NOT NULL,
  `ADDRESS` text NOT NULL,
  `PHONE_NO` varchar(100) NOT NULL DEFAULT '0',
  `EMAILID` varchar(100) NOT NULL,
  `USER_TYPE` varchar(50) NOT NULL,
  `STATUS` varchar(11) NOT NULL DEFAULT '0',
  `USERNAME` varchar(100) NOT NULL,
  `PASSWORD` varchar(100) NOT NULL,
  `GENDER` varchar(50) NOT NULL DEFAULT '0',
  `LOGIN_STATUS` varchar(50) NOT NULL DEFAULT '0'
) ENGINE=InnoDB DEFAULT CHARSET=utf8mb4;

--
-- Dumping data for table `login`
--

INSERT INTO `login` (`LOGINID`, `CONTACT_PERSON`, `ADDRESS`, `PHONE_NO`, `EMAILID`, `USER_TYPE`, `STATUS`, `USERNAME`, `PASSWORD`, `GENDER`, `LOGIN_STATUS`) VALUES
(33, 'micky', '1', '0', 'micky@gmail.com', 'school', '0', 'micky', 'bWlja3lAMTIzNA==', '0', '0'),
(34, 'tattvaa yogashal', '1', '0', 'info@tattvaayoga.com', 'school', '0', 'tattvaa yogashal', 'a2Fwb29yQDE5OTE=', '0', '0'),
(35, 'raj', '1', '0', 'blueworld19933@gmail.com', 'students', '0', 'raj', 'a2Fwb29yQDE5OTE=', '0', '0'),
(50, ':USERNAME', '1', '0', ':EMAIL', ':USERTYPE', '0', ':USERNAME', ':PASSWO', '0', '0'),
(51, 'sunita', '1', '0', 'nautiyalsunita72@gmail.com', 'User', 'Active', 'sunita', 'c3VkZWVwQDEyMzQ=', '0', '0'),
(55, 'deepak', '1', '0', 'deepaknautiyal52@gmail.com', 'Admin', 'Active', 'deepak', 'ZGVlcGFrQDEyMzQ=', '0', '0'),
(56, 'deepu', '1', '0', 'dn070187@gmail.com', 'User', 'Active', 'deepu', 'c3VkZWVwQDEyMzQ=', '0', '0'),
(57, 'pinku_abhi', '1', '0', 'abhishek.n.anand@gmail.com', 'User', 'Active', 'pinku_abhi', 'YWJoaTc3NDc=', '0', '0'),
(58, 'abhi_pinku', '1', '0', 'abhishek@rankmantra.com', 'User', 'Active', 'abhi_pinku', 'YWJoaTc3NDc=', '0', '0');

-- --------------------------------------------------------

--
-- Table structure for table `loginone`
--

CREATE TABLE `loginone` (
  `LOGINID` int(11) NOT NULL,
  `CONTACT_PERSON` varchar(500) NOT NULL,
  `ADDRESS` text NOT NULL,
  `PHONE_NO` varchar(100) NOT NULL DEFAULT '0',
  `EMAILID` varchar(100) NOT NULL,
  `USER_TYPE` varchar(50) NOT NULL,
  `STATUS` varchar(11) NOT NULL DEFAULT '0',
  `USERNAME` varchar(100) NOT NULL,
  `PASSWORD` varchar(100) NOT NULL,
  `GENDER` varchar(50) NOT NULL DEFAULT '0',
  `LOGIN_STATUS` varchar(50) NOT NULL DEFAULT '0'
) ENGINE=InnoDB DEFAULT CHARSET=utf8mb4 ROW_FORMAT=COMPACT;

--
-- Dumping data for table `loginone`
--

INSERT INTO `loginone` (`LOGINID`, `CONTACT_PERSON`, `ADDRESS`, `PHONE_NO`, `EMAILID`, `USER_TYPE`, `STATUS`, `USERNAME`, `PASSWORD`, `GENDER`, `LOGIN_STATUS`) VALUES
(33, 'micky', '28800 Orchard Lake Road, Suite 180 Farmington Hills, U.S.A.', '0', 'micky@gmail.com', 'school', '0', 'micky', 'bWlja3lAMTIzNA==', '0', '0'),
(34, 'tattvaa yogashal', '28800 Orchard Lake Road, Suite 180 Farmington Hills, U.S.A.', '0', 'info@tattvaayoga.com', 'school', '0', 'tattvaa yogashal', 'a2Fwb29yQDE5OTE=', '0', '0'),
(35, 'raj', '28800 Orchard Lake Road, Suite 180 Farmington Hills, U.S.A.', '0', 'blueworld19933@gmail.com', 'students', '0', 'raj', 'a2Fwb29yQDE5OTE=', '0', '0'),
(50, ':USERNAME', '28800 Orchard Lake Road, Suite 180 Farmington Hills, U.S.A.', '0', ':EMAIL', ':USERTYPE', '0', ':USERNAME', ':PASSWO', '0', '0'),
(51, 'sunita', '28800 Orchard Lake Road, Suite 180 Farmington Hills, U.S.A.', '0', 'nautiyalsunita72@gmail.com', 'User', 'Active', 'sunita', 'c3VkZWVwQDEyMzQ=', '0', '0'),
(56, 'deepu', '28800 Orchard Lake Road, Suite 180 Farmington Hills, U.S.A.', '0', 'dn070187@gmail.com', 'User', 'Active', 'deepu', 'c3VkZWVwQDEyMzQ=', '0', '0'),
(57, 'pinku_abhi', '28800 Orchard Lake Road, Suite 180 Farmington Hills, U.S.A.', '0', 'abhishek.n.anand@gmail.com', 'User', 'Active', 'pinku_abhi', 'YWJoaTc3NDc=', '0', '0'),
(58, 'abhi_pinku', '28800 Orchard Lake Road, Suite 180 Farmington Hills, U.S.A.', '0', 'abhishek@rankmantra.com', 'User', 'Active', 'abhi_pinku', 'YWJoaTc3NDc=', '0', '0'),
(59, '', '28800 Orchard Lake Road, Suite 180 Farmington Hills, U.S.A.', '0', '', 'User', 'Active', '', '', '0', '0'),
(63, 'deep', '28800 Orchard Lake Road, Suite 180 Farmington Hills, U.S.A.', '0', 'deepaknautiyal52@gmail.com', 'User', 'Active', 'deep', 'U3VkZWVwQDEyMzQ=', '0', '0'),
(64, 'dany', '28800 Orchard Lake Road, Suite 180 Farmington Hills, U.S.A.', '0', 'ndeepak48@gmail.com', 'User', 'Active', 'dany', 'U3VkZWVwQDEyMzQ=', '0', '0');

--
-- Triggers `loginone`
--
DELIMITER $$
CREATE TRIGGER `autoPopulateAtInsert` BEFORE INSERT ON `loginone` FOR EACH ROW SET new.ADDRESS = 1
$$
DELIMITER ;

-- --------------------------------------------------------

--
-- Table structure for table `Logins`
--

CREATE TABLE `Logins` (
  `user_id` int(20) NOT NULL,
  `page` varchar(50) COLLATE utf8mb4_unicode_ci NOT NULL,
  `unix_timestamp` varchar(50) COLLATE utf8mb4_unicode_ci NOT NULL
) ENGINE=InnoDB DEFAULT CHARSET=utf8mb4 COLLATE=utf8mb4_unicode_ci;

--
-- Dumping data for table `Logins`
--

INSERT INTO `Logins` (`user_id`, `page`, `unix_timestamp`) VALUES
(6684, 'home_page', '1451640067');

-- --------------------------------------------------------

--
-- Table structure for table `ondemand`
--

CREATE TABLE `ondemand` (
  `ondemandid` int(10) NOT NULL,
  `ondemandcategoryid` int(10) NOT NULL,
  `ondemandname` varchar(50) NOT NULL,
  `ondemandimage` varchar(50) NOT NULL,
  `ondemanddescription` text NOT NULL,
  `ondemandiframe` text NOT NULL
) ENGINE=InnoDB DEFAULT CHARSET=utf8mb4;

--
-- Dumping data for table `ondemand`
--

INSERT INTO `ondemand` (`ondemandid`, `ondemandcategoryid`, `ondemandname`, `ondemandimage`, `ondemanddescription`, `ondemandiframe`) VALUES
(1, 1, 'Pacific Rim', '11.jpg', 'Pacific Rim', '<iframe width=\"500\" height=\"300\" src=\"https://www.youtube.com/embed/gn2F0r7AgJM\" frameborder=\"0\" allow=\"accelerometer; autoplay; encrypted-media; gyroscope; picture-in-picture\" allowfullscreen></iframe>'),
(2, 1, 'Robot World', '12.jpg', 'Robot World', '<iframe width=\"500\" height=\"300\" src=\"https://www.youtube.com/embed/gn2F0r7AgJM\" frameborder=\"0\" allow=\"accelerometer; autoplay; encrypted-media; gyroscope; picture-in-picture\" allowfullscreen></iframe>'),
(3, 2, 'RIBELLE', '13.jpg', 'RIBELLE', '<iframe width=\"500\" height=\"300\" src=\"https://www.youtube.com/embed/gn2F0r7AgJM\" frameborder=\"0\" allow=\"accelerometer; autoplay; encrypted-media; gyroscope; picture-in-picture\" allowfullscreen></iframe>'),
(4, 2, 'THOR', '14.jpg', 'THOR', '<iframe width=\"500\" height=\"300\" src=\"https://www.youtube.com/embed/gn2F0r7AgJM\" frameborder=\"0\" allow=\"accelerometer; autoplay; encrypted-media; gyroscope; picture-in-picture\" allowfullscreen></iframe>');

-- --------------------------------------------------------

--
-- Table structure for table `ondemandcategory`
--

CREATE TABLE `ondemandcategory` (
  `ondemandcategoryid` int(10) NOT NULL,
  `ondemandcategoryname` varchar(50) NOT NULL
) ENGINE=InnoDB DEFAULT CHARSET=utf8mb4;

--
-- Dumping data for table `ondemandcategory`
--

INSERT INTO `ondemandcategory` (`ondemandcategoryid`, `ondemandcategoryname`) VALUES
(1, 'JAMES BOND'),
(2, 'MOST POPULAR MOVIES'),
(3, 'TOP TV SERIES'),
(4, 'NEW MOVIES THIS MONTH'),
(5, 'STREAMS'),
(6, 'LAST ADDED SERIES');

-- --------------------------------------------------------

--
-- Table structure for table `payments`
--

CREATE TABLE `payments` (
  `payment_id` int(20) NOT NULL,
  `item_name` varchar(200) NOT NULL,
  `item_number` varchar(20) NOT NULL,
  `txn_id` varchar(20) NOT NULL,
  `payment_gross` varchar(50) NOT NULL,
  `totalshipping` varchar(40) NOT NULL,
  `productimages` varchar(100) NOT NULL,
  `currency_code` varchar(50) NOT NULL,
  `payment_status` varchar(50) NOT NULL,
  `userid` int(20) NOT NULL,
  `randomid` varchar(50) NOT NULL,
  `username` varchar(50) NOT NULL,
  `useremail` varchar(50) NOT NULL,
  `invoice` varchar(100) NOT NULL
) ENGINE=InnoDB DEFAULT CHARSET=utf8mb4;

--
-- Dumping data for table `payments`
--

INSERT INTO `payments` (`payment_id`, `item_name`, `item_number`, `txn_id`, `payment_gross`, `totalshipping`, `productimages`, `currency_code`, `payment_status`, `userid`, `randomid`, `username`, `useremail`, `invoice`) VALUES
(8, 'sqltest', '', '', '9.99', '', '', 'USD', '1', 51, '', 'sunita', 'nautiyalsunita72@gmail.com', ''),
(9, 'COMMENT ACTIVER ,COM', '', '', '', '', 'greensmall.png,redsmall.png', 'USD', '1', 51, '1293418488', 'sunita', 'nautiyalsunita72@gmail.com', 'INV866093359'),
(10, 'COMMENT PRIER ,COMMENT ACTIVER', '', '', '', '', 'redsmall.png,greensmall.png', 'USD', '1', 51, '1269699913', 'sunita', 'nautiyalsunita72@gmail.com', 'INV1128617962'),
(11, 'NE POUR COMBATTRE,COMMENT PROPHETISER', '', '', '', '', 'blacksmall.png,yellowsmall.png', 'USD', '1', 51, '1783085648', 'sunita', 'nautiyalsunita72@gmail.com', 'INV994177795'),
(12, 'COMMENT PROPHETISER ,COMMENT PRIER ,NE POUR COMBATTRE', '6', '', '368', '162', 'yellowsmall.png,redsmall.png,blacksmall.png', 'USD', '1', 51, '2008445415', 'sunita', 'nautiyalsunita72@gmail.com', 'INV811426943'),
(13, 'COMMENT PROPHETISER ,COMMENT ACTIVER', '4', '', '290', '140', 'yellowsmall.png,greensmall.png', 'USD', '1', 51, '416565131', 'sunita', 'nautiyalsunita72@gmail.com', 'INV1437723432'),
(14, 'COMMENT PROPHETISER ,COMMENT ACTIVER', '4', '', '290', '140', 'yellowsmall.png,greensmall.png', 'USD', '1', 51, '416565131', 'sunita', 'nautiyalsunita72@gmail.com', 'INV1437723432'),
(15, 'comman pour', '10', '', '638', '278', 'redsmall.png', 'USD', '1', 64, '1129291202', 'dany', 'ndeepak48@gmail.com', 'INV94305934');

-- --------------------------------------------------------

--
-- Table structure for table `product`
--

CREATE TABLE `product` (
  `product_id` int(11) NOT NULL,
  `category_name` varchar(200) DEFAULT NULL,
  `sub_category_name` varchar(200) DEFAULT NULL,
  `product_name` varchar(200) DEFAULT NULL,
  `location` varchar(200) DEFAULT NULL,
  `price` varchar(200) DEFAULT NULL,
  `small_description` varchar(1000) DEFAULT NULL,
  `full_description` longtext,
  `model` varchar(200) DEFAULT NULL,
  `image` varchar(200) DEFAULT NULL,
  `image2` varchar(200) DEFAULT NULL,
  `date_available` varchar(100) DEFAULT NULL,
  `sort_order` varchar(100) DEFAULT NULL,
  `shipping_cost` varchar(200) DEFAULT NULL,
  `size` varchar(400) DEFAULT NULL,
  `color` varchar(100) DEFAULT NULL,
  `stock_status` varchar(100) DEFAULT NULL,
  `product_rating` varchar(100) DEFAULT NULL,
  `templatecode` text NOT NULL
) ENGINE=MyISAM DEFAULT CHARSET=latin1;

--
-- Dumping data for table `product`
--

INSERT INTO `product` (`product_id`, `category_name`, `sub_category_name`, `product_name`, `location`, `price`, `small_description`, `full_description`, `model`, `image`, `image2`, `date_available`, `sort_order`, `shipping_cost`, `size`, `color`, `stock_status`, `product_rating`, `templatecode`) VALUES
(2, 'Rings', 'Engagement', 'Atlantis Ring', 'us', '5', 'Atlantis Ring\r\n', '<div>\r\n	<em><span style=\"font-size: 16px\"><span style=\"font-family: arial, helvetica, sans-serif\">Emerald And Diamond Ring In 18Kt White Gold</span></span></em></div>\r\n<div>\r\n	<em><span style=\"font-size: 16px\"><span style=\"font-family: arial, helvetica, sans-serif\">Product code 000436-1045742</span></span></em></div>\r\n', 'r-001', 'The Eternal Symphony Ring.jpg', 'The Eternal Symphony Ring2.jpg', '09/16/2014', '1', '20', '10mm,12mm,15mm', 'Golden', '1', 'Excellent', '');

-- --------------------------------------------------------

--
-- Table structure for table `tbl_cart`
--

CREATE TABLE `tbl_cart` (
  `crt_id` int(20) NOT NULL,
  `uid` varchar(100) NOT NULL,
  `user_id` int(10) NOT NULL,
  `pd_id` varchar(20) NOT NULL,
  `invoiceno` varchar(30) NOT NULL,
  `quantity1` varchar(10) NOT NULL,
  `price` varchar(25) NOT NULL,
  `crt_cost` varchar(30) NOT NULL,
  `date` date NOT NULL,
  `product_name` varchar(50) NOT NULL,
  `product_image` varchar(50) NOT NULL,
  `shipping` varchar(50) NOT NULL
) ENGINE=MyISAM DEFAULT CHARSET=latin1;

--
-- Dumping data for table `tbl_cart`
--

INSERT INTO `tbl_cart` (`crt_id`, `uid`, `user_id`, `pd_id`, `invoiceno`, `quantity1`, `price`, `crt_cost`, `date`, `product_name`, `product_image`, `shipping`) VALUES
(25, '745408153', 51, '35', 'INV239996307', '2', '35', '70', '2020-12-14', 'COMMENT PROPHETISER ', 'yellowsmall.png', '23'),
(26, '745408153', 51, '38', 'INV239996307', '2', '28', '56', '2020-12-14', 'NE POUR COMBATTRE', 'blacksmall.png', '23'),
(27, '1293418488', 51, '37', 'INV866093359', '2', '40', '80', '2020-12-14', 'COMMENT ACTIVER ', 'greensmall.png', '23'),
(28, '1293418488', 51, '36', 'INV866093359', '2', '40', '80', '2020-12-14', 'COMMENT PRIER ', 'redsmall.png', '35'),
(29, '1269699913', 51, '36', 'INV1128617962', '2', '40', '80', '2020-12-14', 'COMMENT PRIER ', 'redsmall.png', '23'),
(30, '1269699913', 51, '37', 'INV1128617962', '4', '40', '160', '2020-12-14', 'COMMENT ACTIVER ', 'greensmall.png', '35'),
(31, '1914797318', 51, '36', 'INV2041538849', '4', '40', '160', '2020-12-15', 'COMMENT PRIER ', 'redsmall.png', '23'),
(32, '1914797318', 51, '35', 'INV2041538849', '4', '35', '175', '2020-12-15', 'COMMENT PROPHETISER ', 'yellowsmall.png', 'NaN'),
(33, '1914797318', 51, '38', 'INV2041538849', '4', '28', '112', '2020-12-15', 'NE POUR COMBATTRE', 'blacksmall.png', '92'),
(34, '1166882865', 51, '37', 'INV1198253743', '2', '40', '80', '2020-12-15', 'COMMENT ACTIVER ', 'greensmall.png', '46'),
(35, '1166882865', 51, '38', 'INV1198253743', '4', '28', '112', '2020-12-15', 'NE POUR COMBATTRE', 'blacksmall.png', '140'),
(36, '1783085648', 51, '38', 'INV994177795', '2', '28', '56', '2020-12-16', 'NE POUR COMBATTRE', 'blacksmall.png', '70'),
(37, '1783085648', 51, '35', 'INV994177795', '4', '35', '140', '2020-12-16', 'COMMENT PROPHETISER ', 'yellowsmall.png', '60'),
(38, '1783085648', 51, '36', 'INV994177795', '2', '40', '80', '2020-12-16', 'COMMENT PRIER ', 'redsmall.png', '60'),
(39, '2008445415', 51, '35', 'INV811426943', '2', '35', '70', '2020-12-16', 'COMMENT PROPHETISER ', 'yellowsmall.png', '46'),
(40, '2008445415', 51, '36', 'INV811426943', '2', '40', '80', '2020-12-16', 'COMMENT PRIER ', 'redsmall.png', '46'),
(41, '2008445415', 51, '38', 'INV811426943', '2', '28', '56', '2020-12-16', 'NE POUR COMBATTRE', 'blacksmall.png', '70'),
(42, '416565131', 51, '35', 'INV1437723432', '2', '35', '70', '2020-12-16', 'COMMENT PROPHETISER ', 'yellowsmall.png', '70'),
(43, '416565131', 51, '37', 'INV1437723432', '2', '40', '80', '2020-12-16', 'COMMENT ACTIVER ', 'greensmall.png', '70'),
(44, '215078667', 64, '36', 'INV1136404735', '2', '40', '80', '2020-12-14', 'Deepak', 'redsmall.png', '70'),
(45, '215078667', 64, '35', '1136404735', '2', '35', '70', '2020-12-20', 'COMMENT PROPHETISER ', 'yellowsmall.png', '46'),
(46, '1780849786', 64, '36', '118612569', '2', '40', '80', '2020-12-20', 'COMMENT PRIER ', 'redsmall.png', '70'),
(47, '1780849786', 64, '37', '118612569', '6', '40', '240', '2020-12-20', 'COMMENT ACTIVER ', 'greensmall.png', '140'),
(48, '57720475', 64, '38', 'INV629963271', '11', '28', '308', '2020-12-20', 'NE POUR COMBATTRE', 'blacksmall.png', '115'),
(49, '57720475', 64, '35', 'INV629963271', '4', '35', '140', '2020-12-20', 'COMMENT PROPHETISER ', 'yellowsmall.png', '92'),
(50, '2018339256', 64, '36', 'INV53387831', '4', '40', '160', '2020-12-20', 'COMMENT PRIER ', 'redsmall.png', '140'),
(51, '2018339256', 64, '37', 'INV53387831', '2', '40', '80', '2020-12-20', 'COMMENT ACTIVER ', 'greensmall.png', '46'),
(52, '1129291202', 64, '35', 'INV1123408173', '8', '35', '280', '2020-12-20', 'COMMENT PROPHETISER ', 'yellowsmall.png', '208'),
(53, '1129291202', 64, '36', 'INV1123408173', '2', '40', '80', '2020-12-20', 'COMMENT PRIER ', 'redsmall.png', '70'),
(54, '1631486242', 64, '35', 'INV1983491892', '4', '35', '140', '2020-12-20', 'COMMENT PROPHETISER ', 'yellowsmall.png', '120');

-- --------------------------------------------------------

--
-- Table structure for table `test`
--

CREATE TABLE `test` (
  `id` int(10) NOT NULL,
  `color` varchar(50) NOT NULL,
  `pid` int(20) NOT NULL
) ENGINE=MyISAM DEFAULT CHARSET=latin1;

--
-- Dumping data for table `test`
--

INSERT INTO `test` (`id`, `color`, `pid`) VALUES
(1, 'Red', 2),
(2, 'Green', 3),
(3, 'Blue', 4),
(4, 'Yellow', 5),
(5, 'orange', 6);

--
-- Triggers `test`
--
DELIMITER $$
CREATE TRIGGER `in_char` BEFORE INSERT ON `test` FOR EACH ROW SET new.color = lower(new.color)
$$
DELIMITER ;

--
-- Indexes for dumped tables
--

--
-- Indexes for table `access_log_master`
--
ALTER TABLE `access_log_master`
  ADD PRIMARY KEY (`LOG_ID`);

--
-- Indexes for table `admin`
--
ALTER TABLE `admin`
  ADD PRIMARY KEY (`id`);

--
-- Indexes for table `audio`
--
ALTER TABLE `audio`
  ADD PRIMARY KEY (`audioid`);

--
-- Indexes for table `audiocategory`
--
ALTER TABLE `audiocategory`
  ADD PRIMARY KEY (`audiocategoryid`);

--
-- Indexes for table `category`
--
ALTER TABLE `category`
  ADD PRIMARY KEY (`category_id`);

--
-- Indexes for table `country`
--
ALTER TABLE `country`
  ADD PRIMARY KEY (`countryid`);

--
-- Indexes for table `countryone`
--
ALTER TABLE `countryone`
  ADD PRIMARY KEY (`cid`);

--
-- Indexes for table `live`
--
ALTER TABLE `live`
  ADD PRIMARY KEY (`liveid`);

--
-- Indexes for table `livecategory`
--
ALTER TABLE `livecategory`
  ADD PRIMARY KEY (`livecategoryid`);

--
-- Indexes for table `login`
--
ALTER TABLE `login`
  ADD PRIMARY KEY (`LOGINID`);

--
-- Indexes for table `loginone`
--
ALTER TABLE `loginone`
  ADD PRIMARY KEY (`LOGINID`);

--
-- Indexes for table `Logins`
--
ALTER TABLE `Logins`
  ADD PRIMARY KEY (`user_id`);

--
-- Indexes for table `ondemand`
--
ALTER TABLE `ondemand`
  ADD PRIMARY KEY (`ondemandid`);

--
-- Indexes for table `ondemandcategory`
--
ALTER TABLE `ondemandcategory`
  ADD PRIMARY KEY (`ondemandcategoryid`);

--
-- Indexes for table `payments`
--
ALTER TABLE `payments`
  ADD PRIMARY KEY (`payment_id`);

--
-- Indexes for table `product`
--
ALTER TABLE `product`
  ADD PRIMARY KEY (`product_id`);

--
-- Indexes for table `tbl_cart`
--
ALTER TABLE `tbl_cart`
  ADD PRIMARY KEY (`crt_id`);

--
-- Indexes for table `test`
--
ALTER TABLE `test`
  ADD PRIMARY KEY (`id`);

--
-- AUTO_INCREMENT for dumped tables
--

--
-- AUTO_INCREMENT for table `access_log_master`
--
ALTER TABLE `access_log_master`
  MODIFY `LOG_ID` int(11) NOT NULL AUTO_INCREMENT, AUTO_INCREMENT=1303;

--
-- AUTO_INCREMENT for table `admin`
--
ALTER TABLE `admin`
  MODIFY `id` int(10) NOT NULL AUTO_INCREMENT, AUTO_INCREMENT=2;

--
-- AUTO_INCREMENT for table `audio`
--
ALTER TABLE `audio`
  MODIFY `audioid` int(10) NOT NULL AUTO_INCREMENT, AUTO_INCREMENT=41;

--
-- AUTO_INCREMENT for table `audiocategory`
--
ALTER TABLE `audiocategory`
  MODIFY `audiocategoryid` int(10) NOT NULL AUTO_INCREMENT, AUTO_INCREMENT=6;

--
-- AUTO_INCREMENT for table `category`
--
ALTER TABLE `category`
  MODIFY `category_id` int(11) NOT NULL AUTO_INCREMENT, AUTO_INCREMENT=10;

--
-- AUTO_INCREMENT for table `country`
--
ALTER TABLE `country`
  MODIFY `countryid` int(50) NOT NULL AUTO_INCREMENT, AUTO_INCREMENT=23;

--
-- AUTO_INCREMENT for table `countryone`
--
ALTER TABLE `countryone`
  MODIFY `cid` int(50) NOT NULL AUTO_INCREMENT, AUTO_INCREMENT=22;

--
-- AUTO_INCREMENT for table `live`
--
ALTER TABLE `live`
  MODIFY `liveid` int(10) NOT NULL AUTO_INCREMENT, AUTO_INCREMENT=5;

--
-- AUTO_INCREMENT for table `livecategory`
--
ALTER TABLE `livecategory`
  MODIFY `livecategoryid` int(10) NOT NULL AUTO_INCREMENT, AUTO_INCREMENT=3;

--
-- AUTO_INCREMENT for table `login`
--
ALTER TABLE `login`
  MODIFY `LOGINID` int(11) NOT NULL AUTO_INCREMENT, AUTO_INCREMENT=59;

--
-- AUTO_INCREMENT for table `loginone`
--
ALTER TABLE `loginone`
  MODIFY `LOGINID` int(11) NOT NULL AUTO_INCREMENT, AUTO_INCREMENT=65;

--
-- AUTO_INCREMENT for table `Logins`
--
ALTER TABLE `Logins`
  MODIFY `user_id` int(20) NOT NULL AUTO_INCREMENT, AUTO_INCREMENT=6685;

--
-- AUTO_INCREMENT for table `ondemand`
--
ALTER TABLE `ondemand`
  MODIFY `ondemandid` int(10) NOT NULL AUTO_INCREMENT, AUTO_INCREMENT=5;

--
-- AUTO_INCREMENT for table `ondemandcategory`
--
ALTER TABLE `ondemandcategory`
  MODIFY `ondemandcategoryid` int(10) NOT NULL AUTO_INCREMENT, AUTO_INCREMENT=7;

--
-- AUTO_INCREMENT for table `payments`
--
ALTER TABLE `payments`
  MODIFY `payment_id` int(20) NOT NULL AUTO_INCREMENT, AUTO_INCREMENT=16;

--
-- AUTO_INCREMENT for table `product`
--
ALTER TABLE `product`
  MODIFY `product_id` int(11) NOT NULL AUTO_INCREMENT, AUTO_INCREMENT=78;

--
-- AUTO_INCREMENT for table `tbl_cart`
--
ALTER TABLE `tbl_cart`
  MODIFY `crt_id` int(20) NOT NULL AUTO_INCREMENT, AUTO_INCREMENT=55;

--
-- AUTO_INCREMENT for table `test`
--
ALTER TABLE `test`
  MODIFY `id` int(10) NOT NULL AUTO_INCREMENT, AUTO_INCREMENT=6;
COMMIT;

/*!40101 SET CHARACTER_SET_CLIENT=@OLD_CHARACTER_SET_CLIENT */;
/*!40101 SET CHARACTER_SET_RESULTS=@OLD_CHARACTER_SET_RESULTS */;
/*!40101 SET COLLATION_CONNECTION=@OLD_COLLATION_CONNECTION */;
